liga,temporada,time_casa,time_fora,gols_casa,gols_fora,data_jogo,odd_pinn_casa,odd_pinn_empate,odd_pinn_fora,odd_b365_casa,odd_b365_empate,odd_b365_fora
Bundesliga,2526,Bayern Munich,RB Leipzig,6,0,2025-08-22,1.23,7.43,10.85,1.22,7.0,9.0
Bundesliga,2526,Ein Frankfurt,Werder Bremen,4,1,2025-08-23,1.7,4.26,4.68,1.7,4.1,4.5
Bundesliga,2526,Freiburg,Augsburg,1,3,2025-08-23,1.87,3.71,4.33,1.85,3.6,4.33
Bundesliga,2526,Heidenheim,Wolfsburg,1,3,2025-08-23,3.19,3.59,2.26,3.2,3.5,2.2
Bundesliga,2526,Leverkusen,Hoffenheim,1,2,2025-08-23,1.56,4.74,5.46,1.53,4.75,5.25
Bundesliga,2526,Union Berlin,Stuttgart,2,1,2025-08-23,3.56,3.69,2.07,3.4,3.7,2.05
Bundesliga,2526,St Pauli,Dortmund,3,3,2025-08-23,4.82,3.79,1.77,4.5,3.9,1.75
Bundesliga,2526,Mainz,FC Koln,0,1,2025-08-24,1.93,3.7,4.07,1.9,3.7,4.0
Bundesliga,2526,M'gladbach,Hamburg,0,0,2025-08-24,1.86,4.06,3.96,1.85,3.9,3.9
Bundesliga,2526,Hamburg,St Pauli,0,2,2025-08-29,2.45,3.29,3.12,2.4,3.3,3.0
Bundesliga,2526,Hoffenheim,Ein Frankfurt,1,3,2025-08-30,2.95,3.84,2.3,2.88,3.75,2.25
Bundesliga,2526,RB Leipzig,Heidenheim,2,0,2025-08-30,1.45,5.17,6.4,1.44,5.0,6.25
Bundesliga,2526,Stuttgart,M'gladbach,1,0,2025-08-30,1.62,4.59,4.97,1.6,4.5,4.75
Bundesliga,2526,Werder Bremen,Leverkusen,3,3,2025-08-30,3.82,3.87,1.94,3.7,3.8,1.91
Bundesliga,2526,Augsburg,Bayern Munich,2,3,2025-08-30,9.88,6.53,1.27,9.0,6.5,1.27
Bundesliga,2526,Wolfsburg,Mainz,1,1,2025-08-31,2.08,3.68,3.54,2.0,3.6,3.5
Bundesliga,2526,Dortmund,Union Berlin,3,0,2025-08-31,1.4,5.3,7.28,1.4,5.25,6.5
Bundesliga,2526,FC Koln,Freiburg,4,1,2025-08-31,2.66,3.38,2.77,2.55,3.3,2.8
Bundesliga,2526,Leverkusen,Ein Frankfurt,3,1,2025-09-12,2.16,3.83,3.29,2.1,3.8,3.2
Bundesliga,2526,Freiburg,Stuttgart,3,1,2025-09-13,2.92,3.64,2.41,2.9,3.6,2.35
Bundesliga,2526,Heidenheim,Dortmund,0,2,2025-09-13,5.53,4.66,1.56,5.5,4.5,1.55
Bundesliga,2526,Mainz,RB Leipzig,0,1,2025-09-13,2.6,3.7,2.64,2.55,3.6,2.63
Bundesliga,2526,Union Berlin,Hoffenheim,2,4,2025-09-13,2.66,3.51,2.68,2.6,3.4,2.7
Bundesliga,2526,Wolfsburg,FC Koln,3,3,2025-09-13,2.01,3.61,3.85,1.95,3.5,3.9
Bundesliga,2526,Bayern Munich,Hamburg,5,0,2025-09-13,1.07,14.97,29.41,1.06,12.0,26.0
Bundesliga,2526,St Pauli,Augsburg,2,1,2025-09-14,2.23,3.39,3.46,2.2,3.4,3.3
Bundesliga,2526,M'gladbach,Werder Bremen,0,4,2025-09-14,2.0,4.11,3.44,1.95,3.9,3.4
Bundesliga,2526,Stuttgart,St Pauli,2,0,2025-09-19,1.78,4.0,4.46,1.75,4.1,4.2
Bundesliga,2526,Augsburg,Mainz,1,4,2025-09-20,2.77,3.47,2.61,2.7,3.4,2.6
Bundesliga,2526,Hamburg,Heidenheim,2,1,2025-09-20,2.1,3.53,3.66,2.05,3.6,3.5
Bundesliga,2526,Hoffenheim,Bayern Munich,1,4,2025-09-20,7.87,6.19,1.33,7.0,6.0,1.33
Bundesliga,2526,Werder Bremen,Freiburg,0,3,2025-09-20,2.38,3.81,2.86,2.38,3.6,2.8
Bundesliga,2526,RB Leipzig,FC Koln,3,1,2025-09-20,1.68,4.39,4.73,1.65,4.33,4.5
Bundesliga,2526,Ein Frankfurt,Union Berlin,3,4,2025-09-21,1.58,4.47,5.57,1.57,4.33,5.5
Bundesliga,2526,Leverkusen,M'gladbach,1,1,2025-09-21,1.56,4.77,5.33,1.57,5.0,4.5
Bundesliga,2526,Dortmund,Wolfsburg,1,0,2025-09-21,1.52,5.13,5.42,1.5,5.0,5.5
Bundesliga,2526,Bayern Munich,Werder Bremen,4,0,2025-09-26,1.09,12.5,26.0,1.09,11.0,21.0
Bundesliga,2526,Heidenheim,Augsburg,2,1,2025-09-27,2.77,3.65,2.51,2.7,3.5,2.5
Bundesliga,2526,Mainz,Dortmund,0,2,2025-09-27,3.32,3.79,2.13,3.2,3.7,2.1
Bundesliga,2526,St Pauli,Leverkusen,1,2,2025-09-27,3.28,3.55,2.24,3.1,3.6,2.2
Bundesliga,2526,Wolfsburg,RB Leipzig,0,1,2025-09-27,2.6,3.75,2.61,2.55,3.6,2.6
Bundesliga,2526,M'gladbach,Ein Frankfurt,4,6,2025-09-27,3.2,3.59,2.26,3.1,3.6,2.2
Bundesliga,2526,Freiburg,Hoffenheim,1,1,2025-09-28,2.27,3.66,3.13,2.25,3.4,3.1
Bundesliga,2526,FC Koln,Stuttgart,1,2,2025-09-28,2.91,3.68,2.39,2.9,3.5,2.35
Bundesliga,2526,Union Berlin,Hamburg,0,0,2025-09-28,1.99,3.7,3.82,1.95,3.4,4.0
Bundesliga,2526,Hoffenheim,FC Koln,0,1,2025-10-03,1.93,3.98,3.79,1.91,3.7,3.75
Bundesliga,2526,Augsburg,Wolfsburg,3,1,2025-10-04,2.86,3.58,2.48,2.75,3.5,2.45
Bundesliga,2526,Dortmund,RB Leipzig,1,1,2025-10-04,1.7,4.67,4.25,1.7,4.5,4.2
Bundesliga,2526,Leverkusen,Union Berlin,2,0,2025-10-04,1.7,4.1,4.88,1.7,4.0,4.75
Bundesliga,2526,Werder Bremen,St Pauli,1,0,2025-10-04,2.43,3.67,2.87,2.35,3.7,2.88
Bundesliga,2526,Ein Frankfurt,Bayern Munich,0,3,2025-10-04,6.14,5.53,1.44,6.25,5.25,1.42
Bundesliga,2526,Stuttgart,Heidenheim,1,0,2025-10-05,1.44,5.16,6.75,1.42,4.75,7.0
Bundesliga,2526,Hamburg,Mainz,4,0,2025-10-05,2.89,3.53,2.48,2.8,3.5,2.4
Bundesliga,2526,M'gladbach,Freiburg,0,0,2025-10-05,2.36,3.57,3.04,2.25,3.6,3.0
Bundesliga,2526,Union Berlin,M'gladbach,3,1,2025-10-17,2.24,3.5,3.31,2.2,3.4,3.2
Bundesliga,2526,FC Koln,Augsburg,1,1,2025-10-18,2.0,3.96,3.56,1.95,3.9,3.5
Bundesliga,2526,Heidenheim,Werder Bremen,2,2,2025-10-18,2.97,3.61,2.39,2.88,3.5,2.35
Bundesliga,2526,Mainz,Leverkusen,3,4,2025-10-18,2.83,3.46,2.56,2.8,3.4,2.45
Bundesliga,2526,RB Leipzig,Hamburg,2,1,2025-10-18,1.43,5.37,6.59,1.44,4.75,6.5
Bundesliga,2526,Wolfsburg,Stuttgart,0,3,2025-10-18,2.72,3.62,2.57,2.63,3.6,2.5
Bundesliga,2526,Bayern Munich,Dortmund,2,1,2025-10-18,1.38,5.55,7.5,1.33,5.5,7.5
Bundesliga,2526,Freiburg,Ein Frankfurt,2,2,2025-10-19,2.54,3.68,2.72,2.5,3.5,2.7
Bundesliga,2526,St Pauli,Hoffenheim,0,3,2025-10-19,2.51,3.64,2.78,2.5,3.4,2.8
Bundesliga,2526,Werder Bremen,Union Berlin,1,0,2025-10-24,2.33,3.63,3.09,2.25,3.6,2.9
Bundesliga,2526,Augsburg,RB Leipzig,0,6,2025-10-25,3.29,4.06,2.07,3.2,3.9,2.05
Bundesliga,2526,Ein Frankfurt,St Pauli,2,0,2025-10-25,1.74,4.19,4.49,1.67,4.2,4.5
Bundesliga,2526,Hamburg,Wolfsburg,0,1,2025-10-25,2.4,3.73,2.88,2.35,3.5,2.9
Bundesliga,2526,Hoffenheim,Heidenheim,3,1,2025-10-25,1.6,4.45,5.32,1.57,4.5,5.25
Bundesliga,2526,M'gladbach,Bayern Munich,0,3,2025-10-25,11.5,7.11,1.23,10.0,6.5,1.22
Bundesliga,2526,Dortmund,FC Koln,1,0,2025-10-25,1.46,4.96,6.64,1.44,5.25,6.5
Bundesliga,2526,Leverkusen,Freiburg,2,0,2025-10-26,1.84,3.92,4.2,1.83,3.9,4.0
Bundesliga,2526,Stuttgart,Mainz,2,1,2025-10-26,1.79,4.13,4.24,1.75,4.0,4.33
Bundesliga,2526,Augsburg,Dortmund,0,1,2025-10-31,5.3,4.42,1.61,5.0,4.5,1.57
Bundesliga,2526,Heidenheim,Ein Frankfurt,1,1,2025-11-01,3.69,4.18,1.9,3.6,4.0,1.9
Bundesliga,2526,Mainz,Werder Bremen,1,1,2025-11-01,2.02,3.92,3.51,1.95,3.9,3.5
Bundesliga,2526,RB Leipzig,Stuttgart,3,1,2025-11-01,2.02,3.88,3.55,1.95,3.9,3.5
Bundesliga,2526,St Pauli,M'gladbach,0,4,2025-11-01,2.2,3.51,3.4,2.15,3.5,3.3
Bundesliga,2526,Union Berlin,Freiburg,0,0,2025-11-01,2.65,3.27,2.86,2.5,3.3,2.75
Bundesliga,2526,Bayern Munich,Leverkusen,3,0,2025-11-01,1.23,7.43,10.66,1.22,7.0,9.5
Bundesliga,2526,FC Koln,Hamburg,4,1,2025-11-02,2.18,3.67,3.29,2.1,3.7,3.2
Bundesliga,2526,Wolfsburg,Hoffenheim,2,3,2025-11-02,2.77,3.78,2.45,2.75,3.9,2.3
Bundesliga,2526,Werder Bremen,Wolfsburg,2,1,2025-11-07,2.23,3.84,3.13,2.15,3.6,3.1
Bundesliga,2526,Hamburg,Dortmund,1,1,2025-11-08,4.58,4.28,1.71,4.33,4.2,1.7
Bundesliga,2526,Hoffenheim,RB Leipzig,3,1,2025-11-08,2.71,3.97,2.43,2.6,3.9,2.4
Bundesliga,2526,Leverkusen,Heidenheim,6,0,2025-11-08,1.41,5.1,7.57,1.4,5.0,6.5
Bundesliga,2526,Union Berlin,Bayern Munich,2,2,2025-11-08,12.56,7.33,1.21,13.0,7.0,1.2
Bundesliga,2526,M'gladbach,FC Koln,3,1,2025-11-08,2.28,3.65,3.11,2.2,3.6,3.1
Bundesliga,2526,Freiburg,St Pauli,2,1,2025-11-09,1.87,3.61,4.48,1.83,3.5,4.5
Bundesliga,2526,Stuttgart,Augsburg,3,2,2025-11-09,1.54,4.63,5.84,1.55,4.33,5.75
Bundesliga,2526,Ein Frankfurt,Mainz,1,0,2025-11-09,1.87,4.11,3.9,1.83,4.0,3.9
Bundesliga,2526,Mainz,Hoffenheim,1,1,2025-11-21,2.59,3.6,2.71,2.6,3.6,2.7
Bundesliga,2526,Augsburg,Hamburg,1,0,2025-11-22,2.39,3.67,2.92,2.35,3.5,2.9
Bundesliga,2526,Bayern Munich,Freiburg,6,2,2025-11-22,1.19,7.45,14.94,1.17,8.0,13.0
Bundesliga,2526,Dortmund,Stuttgart,3,3,2025-11-22,1.79,4.11,4.25,1.75,4.0,4.33
Bundesliga,2526,Heidenheim,M'gladbach,0,3,2025-11-22,3.18,3.72,2.22,3.2,3.6,2.15
Bundesliga,2526,Wolfsburg,Leverkusen,1,3,2025-11-22,3.59,3.82,2.02,3.5,3.75,2.0
Bundesliga,2526,FC Koln,Ein Frankfurt,3,4,2025-11-22,3.1,3.79,2.23,3.0,3.75,2.2
Bundesliga,2526,RB Leipzig,Werder Bremen,2,0,2025-11-23,1.45,5.25,6.38,1.45,5.0,6.0
Bundesliga,2526,St Pauli,Union Berlin,0,1,2025-11-23,2.54,3.29,2.98,2.45,3.3,2.9
Bundesliga,2526,M'gladbach,RB Leipzig,0,0,2025-11-28,2.92,3.91,2.32,2.88,3.7,2.3
Bundesliga,2526,Bayern Munich,St Pauli,3,1,2025-11-29,1.1,10.2,29.77,1.1,10.0,21.0
Bundesliga,2526,Hoffenheim,Augsburg,3,0,2025-11-29,1.68,4.5,4.6,1.67,4.33,4.5
Bundesliga,2526,Union Berlin,Heidenheim,1,2,2025-11-29,1.66,4.05,5.34,1.67,4.0,5.0
Bundesliga,2526,Werder Bremen,FC Koln,1,1,2025-11-29,2.28,3.9,2.96,2.25,3.8,2.9
Bundesliga,2526,Leverkusen,Dortmund,1,2,2025-11-29,2.54,3.77,2.67,2.55,3.6,2.63
Bundesliga,2526,Hamburg,Stuttgart,2,1,2025-11-30,3.17,3.76,2.21,3.0,3.75,2.2
Bundesliga,2526,Ein Frankfurt,Wolfsburg,1,1,2025-11-30,1.75,4.28,4.33,1.73,4.2,4.2
Bundesliga,2526,Freiburg,Mainz,4,0,2025-11-30,1.93,3.55,4.27,1.91,3.4,4.2
Bundesliga,2526,Mainz,M'gladbach,0,1,2025-12-05,2.68,3.55,2.69,2.55,3.4,2.63
Bundesliga,2526,Augsburg,Leverkusen,2,0,2025-12-06,3.82,3.94,1.93,3.7,4.0,1.9
Bundesliga,2526,FC Koln,St Pauli,1,1,2025-12-06,1.99,3.69,3.82,1.95,3.6,3.8
Bundesliga,2526,Heidenheim,Freiburg,2,1,2025-12-06,4.03,3.65,1.95,3.9,3.6,1.91
Bundesliga,2526,Stuttgart,Bayern Munich,0,5,2025-12-06,5.4,5.21,1.51,5.75,5.0,1.45
Bundesliga,2526,Wolfsburg,Union Berlin,3,1,2025-12-06,2.17,3.44,3.53,2.15,3.4,3.5
Bundesliga,2526,RB Leipzig,Ein Frankfurt,6,0,2025-12-06,1.79,4.24,4.13,1.73,4.2,4.2
Bundesliga,2526,Hamburg,Werder Bremen,3,2,2025-12-07,2.36,3.62,3.0,2.25,3.5,3.0
Bundesliga,2526,Dortmund,Hoffenheim,2,0,2025-12-07,1.63,4.55,4.89,1.62,4.5,4.75
Bundesliga,2526,Union Berlin,RB Leipzig,3,1,2025-12-12,3.27,3.47,2.31,3.2,3.5,2.2
Bundesliga,2526,Ein Frankfurt,Augsburg,1,0,2025-12-13,1.72,4.27,4.51,1.7,4.2,4.33
Bundesliga,2526,Hoffenheim,Hamburg,4,1,2025-12-13,1.72,4.33,4.47,1.7,4.33,4.2
Bundesliga,2526,M'gladbach,Wolfsburg,1,3,2025-12-13,1.98,3.85,3.69,1.95,3.8,3.6
Bundesliga,2526,St Pauli,Heidenheim,2,1,2025-12-13,1.98,3.45,4.18,1.95,3.4,4.0
Bundesliga,2526,Leverkusen,FC Koln,2,0,2025-12-13,1.57,4.68,5.33,1.55,4.33,5.25
Bundesliga,2526,Freiburg,Dortmund,1,1,2025-12-14,3.32,3.59,2.2,3.25,3.5,2.15
Bundesliga,2526,Bayern Munich,Mainz,2,2,2025-12-14,1.09,12.74,21.79,1.09,11.0,21.0
Bundesliga,2526,Werder Bremen,Stuttgart,0,4,2025-12-14,2.91,3.92,2.3,2.9,3.8,2.25
Bundesliga,2526,Dortmund,M'gladbach,2,0,2025-12-19,1.56,4.56,5.68,1.55,4.5,5.5
Bundesliga,2526,Augsburg,Werder Bremen,0,0,2025-12-20,2.28,3.56,3.19,2.25,3.5,3.1
Bundesliga,2526,FC Koln,Union Berlin,0,1,2025-12-20,2.37,3.4,3.15,2.3,3.3,3.1
Bundesliga,2526,Hamburg,Ein Frankfurt,1,1,2025-12-20,2.71,3.55,2.51,2.6,3.6,2.55
Bundesliga,2526,Stuttgart,Hoffenheim,0,0,2025-12-20,2.07,3.86,3.42,2.0,3.8,3.4
Bundesliga,2526,Wolfsburg,Freiburg,3,4,2025-12-20,2.57,3.55,2.76,2.5,3.6,2.75
Bundesliga,2526,RB Leipzig,Leverkusen,1,3,2025-12-20,2.15,3.8,3.28,2.1,3.8,3.2
Bundesliga,2526,Mainz,St Pauli,0,0,2025-12-21,1.98,3.5,4.11,1.95,3.4,4.1
Bundesliga,2526,Heidenheim,Bayern Munich,0,4,2025-12-21,17.17,10.24,1.13,13.0,9.5,1.14
Bundesliga,2526,Ein Frankfurt,Dortmund,3,3,2026-01-09,3.62,3.85,2.03,3.6,3.8,1.95
Bundesliga,2526,Freiburg,Hamburg,2,1,2026-01-10,1.81,3.56,4.95,1.8,3.6,4.5
Bundesliga,2526,Heidenheim,FC Koln,2,2,2026-01-10,2.95,3.58,2.41,2.9,3.5,2.38
Bundesliga,2526,Union Berlin,Mainz,2,2,2026-01-10,2.14,3.2,3.92,2.15,3.25,3.7
Bundesliga,2526,Leverkusen,Stuttgart,1,4,2026-01-10,1.95,4.05,3.63,1.95,4.1,3.4
Bundesliga,2526,M'gladbach,Augsburg,4,0,2026-01-11,1.93,3.73,4.04,1.85,3.8,4.0
Bundesliga,2526,Bayern Munich,Wolfsburg,8,1,2026-01-11,1.1,12.15,18.99,1.11,11.0,17.0
Bundesliga,2526,Stuttgart,Ein Frankfurt,3,2,2026-01-13,1.81,4.01,4.25,1.73,4.2,4.2
Bundesliga,2526,Dortmund,Werder Bremen,3,0,2026-01-13,1.36,5.64,7.94,1.4,5.0,7.0
Bundesliga,2526,Mainz,Heidenheim,2,1,2026-01-13,1.67,3.85,5.58,1.75,3.8,4.33
Bundesliga,2526,Wolfsburg,St Pauli,2,1,2026-01-14,1.9,3.75,4.14,1.91,3.7,3.8
Bundesliga,2526,FC Koln,Bayern Munich,1,3,2026-01-14,9.41,6.82,1.26,10.5,7.5,1.22
Bundesliga,2526,Hoffenheim,M'gladbach,5,1,2026-01-14,1.85,4.05,4.05,1.85,3.9,3.8
Bundesliga,2526,RB Leipzig,Freiburg,2,0,2026-01-14,1.72,4.16,4.63,1.7,4.0,4.5
Bundesliga,2526,Augsburg,Union Berlin,1,1,2026-01-15,2.63,3.26,2.89,2.6,3.2,2.8
Bundesliga,2526,Werder Bremen,Ein Frankfurt,3,3,2026-01-16,,,,2.7,3.5,2.5
Bundesliga,2526,Dortmund,St Pauli,3,2,2026-01-17,,,,1.33,5.25,10.0
Bundesliga,2526,FC Koln,Mainz,2,1,2026-01-17,,,,2.15,3.5,3.25
Bundesliga,2526,Hamburg,M'gladbach,0,0,2026-01-17,,,,2.45,3.5,2.8
Bundesliga,2526,Hoffenheim,Leverkusen,1,0,2026-01-17,,,,2.4,3.8,2.7
Bundesliga,2526,Wolfsburg,Heidenheim,1,1,2026-01-17,,,,1.67,4.0,5.0
Bundesliga,2526,RB Leipzig,Bayern Munich,1,5,2026-01-17,,,,5.0,4.75,1.55
Bundesliga,2526,Stuttgart,Union Berlin,1,1,2026-01-18,,,,1.65,3.9,5.25
Bundesliga,2526,Augsburg,Freiburg,2,2,2026-01-18,,,,2.9,3.3,2.45
Bundesliga,2526,St Pauli,Hamburg,0,0,2026-01-23,,,,2.88,2.9,2.75
Bundesliga,2526,Bayern Munich,Augsburg,1,2,2026-01-24,,,,1.1,12.0,17.0
Bundesliga,2526,Ein Frankfurt,Hoffenheim,1,3,2026-01-24,,,,2.8,3.75,2.3
Bundesliga,2526,Heidenheim,RB Leipzig,0,3,2026-01-24,,,,5.0,4.5,1.57
Bundesliga,2526,Leverkusen,Werder Bremen,1,0,2026-01-24,,,,1.62,4.2,5.25
Bundesliga,2526,Mainz,Wolfsburg,3,1,2026-01-24,,,,2.3,3.5,3.0
Bundesliga,2526,Union Berlin,Dortmund,0,3,2026-01-24,,,,3.6,3.5,2.05
Bundesliga,2526,M'gladbach,Stuttgart,0,3,2026-01-25,,,,3.0,3.75,2.2
Bundesliga,2526,Freiburg,FC Koln,2,1,2026-01-25,,,,1.9,3.75,3.8
Bundesliga,2526,St Pauli,RB Leipzig,1,1,2026-01-27,,,,4.5,3.5,1.8
Bundesliga,2526,Werder Bremen,Hoffenheim,0,2,2026-01-27,,,,3.7,3.6,2.0
Bundesliga,2526,FC Koln,Wolfsburg,1,0,2026-01-30,,,,1.95,3.8,3.5
Bundesliga,2526,Augsburg,St Pauli,2,1,2026-01-31,,,,2.0,3.3,4.1
Bundesliga,2526,Ein Frankfurt,Leverkusen,1,3,2026-01-31,,,,3.0,3.8,2.2
Bundesliga,2526,Hoffenheim,Union Berlin,3,1,2026-01-31,,,,1.8,3.8,4.33
Bundesliga,2526,RB Leipzig,Mainz,1,2,2026-01-31,,,,1.55,4.5,5.5
Bundesliga,2526,Werder Bremen,M'gladbach,1,1,2026-01-31,,,,2.45,3.6,2.75
Bundesliga,2526,Hamburg,Bayern Munich,2,2,2026-01-31,,,,8.0,6.5,1.29
Bundesliga,2526,Stuttgart,Freiburg,1,0,2026-02-01,,,,1.67,4.1,4.75
Bundesliga,2526,Dortmund,Heidenheim,3,2,2026-02-01,,,,1.22,6.5,12.0
Bundesliga,2526,Union Berlin,Ein Frankfurt,1,1,2026-02-06,,,,2.0,3.5,3.6
Bundesliga,2526,Freiburg,Werder Bremen,1,0,2026-02-07,,,,1.83,3.75,4.2
Bundesliga,2526,Heidenheim,Hamburg,0,2,2026-02-07,,,,2.88,3.5,2.45
Bundesliga,2526,Mainz,Augsburg,2,0,2026-02-07,,,,2.05,3.6,3.5
Bundesliga,2526,St Pauli,Stuttgart,2,1,2026-02-07,,,,4.33,3.75,1.8
Bundesliga,2526,Wolfsburg,Dortmund,1,2,2026-02-07,,,,4.2,4.2,1.73
Bundesliga,2526,M'gladbach,Leverkusen,1,1,2026-02-07,,,,3.5,3.75,2.0
Bundesliga,2526,FC Koln,RB Leipzig,1,2,2026-02-08,,,,3.25,3.8,2.1
Bundesliga,2526,Bayern Munich,Hoffenheim,5,1,2026-02-08,,,,1.29,7.0,7.5
Bundesliga,2526,Dortmund,Mainz,4,0,2026-02-13,,,,1.53,4.5,5.5
Bundesliga,2526,Ein Frankfurt,M'gladbach,3,0,2026-02-14,,,,1.95,3.5,4.0
Bundesliga,2526,Hamburg,Union Berlin,3,2,2026-02-14,,,,2.5,3.25,2.9
Bundesliga,2526,Hoffenheim,Freiburg,3,0,2026-02-14,,,,1.73,3.9,4.5
Bundesliga,2526,Leverkusen,St Pauli,4,0,2026-02-14,,,,1.45,3.75,6.5
Bundesliga,2526,Werder Bremen,Bayern Munich,0,3,2026-02-14,,,,8.0,6.0,1.3
Bundesliga,2526,Stuttgart,FC Koln,3,1,2026-02-14,,,,1.45,4.75,6.5
Bundesliga,2526,Augsburg,Heidenheim,1,0,2026-02-15,,,,1.85,3.6,4.2
Bundesliga,2526,RB Leipzig,Wolfsburg,2,2,2026-02-15,,,,1.44,4.75,6.5
Bundesliga,2526,Mainz,Hamburg,1,1,2026-02-20,,,,2.1,3.4,3.5
Bundesliga,2526,Bayern Munich,Ein Frankfurt,3,2,2026-02-21,,,,1.14,9.5,13.0
Bundesliga,2526,FC Koln,Hoffenheim,2,2,2026-02-21,,,,3.3,3.8,2.05
Bundesliga,2526,Union Berlin,Leverkusen,1,0,2026-02-21,,,,3.0,3.3,2.38
Bundesliga,2526,Wolfsburg,Augsburg,2,3,2026-02-21,,,,2.05,3.4,3.75
Bundesliga,2526,RB Leipzig,Dortmund,2,2,2026-02-21,,,,2.15,3.8,3.1
Bundesliga,2526,Freiburg,M'gladbach,2,1,2026-02-22,,,,1.95,3.25,4.33
Bundesliga,2526,St Pauli,Werder Bremen,2,1,2026-02-22,,,,2.75,3.1,2.75
Bundesliga,2526,Heidenheim,Stuttgart,3,3,2026-02-22,,,,4.5,4.0,1.7
Bundesliga,2526,Augsburg,FC Koln,2,0,2026-02-27,,,,2.2,3.5,3.25
Bundesliga,2526,Hoffenheim,St Pauli,0,1,2026-02-28,,,,1.48,4.75,6.0
Bundesliga,2526,Leverkusen,Mainz,1,1,2026-02-28,,,,1.7,4.0,4.5
Bundesliga,2526,M'gladbach,Union Berlin,1,0,2026-02-28,,,,2.38,3.3,3.0
Bundesliga,2526,Werder Bremen,Heidenheim,2,0,2026-02-28,,,,1.75,4.0,4.33
Bundesliga,2526,Dortmund,Bayern Munich,2,3,2026-02-28,,,,4.5,4.75,1.6
Bundesliga,2526,Stuttgart,Wolfsburg,4,0,2026-03-01,,,,1.5,4.75,5.25
Bundesliga,2526,Ein Frankfurt,Freiburg,2,0,2026-03-01,,,,2.2,3.5,3.2
Bundesliga,2526,Hamburg,RB Leipzig,1,2,2026-03-01,,,,3.3,3.5,2.15
Bundesliga,2526,Hamburg,Leverkusen,0,1,2026-03-04,,,,3.5,3.6,2.05
Bundesliga,2526,Bayern Munich,M'gladbach,4,1,2026-03-06,,,,1.2,8.5,9.5
Bundesliga,2526,Freiburg,Leverkusen,3,3,2026-03-07,,,,2.9,3.3,2.4
Bundesliga,2526,Heidenheim,Hoffenheim,2,4,2026-03-07,,,,5.0,4.5,1.57
Bundesliga,2526,Mainz,Stuttgart,2,2,2026-03-07,,,,3.2,3.6,2.15
Bundesliga,2526,RB Leipzig,Augsburg,2,1,2026-03-07,,,,1.42,5.0,6.5
Bundesliga,2526,Wolfsburg,Hamburg,1,2,2026-03-07,,,,2.3,3.5,3.0
Bundesliga,2526,FC Koln,Dortmund,1,2,2026-03-07,,,,4.1,4.0,1.75
Bundesliga,2526,St Pauli,Ein Frankfurt,0,0,2026-03-08,,,,2.63,3.4,2.6
Bundesliga,2526,Union Berlin,Werder Bremen,1,4,2026-03-08,,,,2.25,3.4,3.25
Bundesliga,2526,M'gladbach,St Pauli,2,0,2026-03-13,,,,1.91,3.4,4.2
Bundesliga,2526,Dortmund,Augsburg,2,0,2026-03-14,,,,1.42,4.75,7.0
Bundesliga,2526,Ein Frankfurt,Heidenheim,1,0,2026-03-14,,,,1.53,4.5,5.5
Bundesliga,2526,Hoffenheim,Wolfsburg,1,1,2026-03-14,,,,1.44,4.75,6.5
Bundesliga,2526,Leverkusen,Bayern Munich,1,1,2026-03-14,,,,5.25,4.33,1.55
Bundesliga,2526,Hamburg,FC Koln,1,1,2026-03-14,,,,2.1,3.6,3.25
Bundesliga,2526,Werder Bremen,Mainz,0,2,2026-03-15,,,,2.2,3.5,3.2
Bundesliga,2526,Freiburg,Union Berlin,0,1,2026-03-15,,,,2.15,3.3,3.5
Bundesliga,2526,Stuttgart,RB Leipzig,1,0,2026-03-15,,,,2.3,3.9,2.7
Bundesliga,2526,RB Leipzig,Hoffenheim,5,0,2026-03-20,,,,1.91,4.0,3.5
Bundesliga,2526,Bayern Munich,Union Berlin,4,0,2026-03-21,,,,1.17,8.0,13.0
Bundesliga,2526,FC Koln,M'gladbach,3,3,2026-03-21,,,,2.25,3.5,3.1
Bundesliga,2526,Heidenheim,Leverkusen,3,3,2026-03-21,,,,5.25,4.5,1.57
Bundesliga,2526,Wolfsburg,Werder Bremen,0,1,2026-03-21,,,,2.35,3.6,2.8
Bundesliga,2526,Dortmund,Hamburg,3,2,2026-03-21,,,,1.4,5.0,7.0
Bundesliga,2526,Mainz,Ein Frankfurt,2,1,2026-03-22,,,,2.1,3.7,3.25
Bundesliga,2526,St Pauli,Freiburg,1,2,2026-03-22,,,,2.7,3.1,2.8
Bundesliga,2526,Augsburg,Stuttgart,2,5,2026-03-22,,,,3.5,3.8,2.0
Bundesliga,2425,M'gladbach,Leverkusen,2,3,2024-08-23,5.33,4.58,1.6,5.25,4.5,1.55
Bundesliga,2425,Augsburg,Werder Bremen,2,2,2024-08-24,2.32,3.55,3.11,2.2,3.6,3.1
Bundesliga,2425,Freiburg,Stuttgart,3,1,2024-08-24,3.5,3.7,2.09,3.5,3.6,2.05
Bundesliga,2425,Hoffenheim,Holstein Kiel,3,2,2024-08-24,1.64,4.38,5.07,1.65,4.5,4.5
Bundesliga,2425,Mainz,Union Berlin,1,1,2024-08-24,2.08,3.24,4.1,2.0,3.4,3.9
Bundesliga,2425,RB Leipzig,Bochum,1,0,2024-08-24,1.25,6.71,10.65,1.25,7.0,9.0
Bundesliga,2425,Dortmund,Ein Frankfurt,2,0,2024-08-24,1.71,4.4,4.48,1.7,4.1,4.5
Bundesliga,2425,Wolfsburg,Bayern Munich,2,3,2024-08-25,6.33,5.0,1.47,6.25,4.75,1.45
Bundesliga,2425,St Pauli,Heidenheim,0,2,2024-08-25,2.13,3.5,3.59,2.1,3.5,3.4
Bundesliga,2425,Union Berlin,St Pauli,1,0,2024-08-30,1.96,3.5,4.29,1.91,3.5,4.1
Bundesliga,2425,Bochum,M'gladbach,0,2,2024-08-31,2.66,3.73,2.57,2.6,3.6,2.6
Bundesliga,2425,Ein Frankfurt,Hoffenheim,3,1,2024-08-31,1.8,4.2,4.12,1.8,4.2,3.9
Bundesliga,2425,Holstein Kiel,Wolfsburg,0,2,2024-08-31,3.26,3.69,2.19,3.2,3.7,2.15
Bundesliga,2425,Stuttgart,Mainz,3,3,2024-08-31,1.66,4.23,5.09,1.62,4.33,5.25
Bundesliga,2425,Werder Bremen,Dortmund,0,0,2024-08-31,4.05,4.14,1.83,4.1,4.0,1.8
Bundesliga,2425,Leverkusen,RB Leipzig,2,3,2024-08-31,1.8,4.22,4.1,1.75,4.2,4.1
Bundesliga,2425,Heidenheim,Augsburg,4,0,2024-09-01,2.42,3.47,3.02,2.38,3.5,2.9
Bundesliga,2425,Bayern Munich,Freiburg,2,0,2024-09-01,1.21,7.89,11.45,1.2,8.0,11.0
Bundesliga,2425,Dortmund,Heidenheim,4,2,2024-09-13,1.39,5.35,7.83,1.4,5.5,6.5
Bundesliga,2425,Freiburg,Bochum,2,1,2024-09-14,1.69,4.08,4.9,1.7,3.9,5.0
Bundesliga,2425,Hoffenheim,Leverkusen,1,4,2024-09-14,5.95,4.96,1.49,5.75,4.5,1.48
Bundesliga,2425,M'gladbach,Stuttgart,1,3,2024-09-14,2.84,3.96,2.31,2.75,4.0,2.3
Bundesliga,2425,RB Leipzig,Union Berlin,0,0,2024-09-14,1.48,4.69,6.64,1.48,4.5,6.5
Bundesliga,2425,Wolfsburg,Ein Frankfurt,1,2,2024-09-14,2.72,3.45,2.63,2.63,3.6,2.5
Bundesliga,2425,Holstein Kiel,Bayern Munich,1,6,2024-09-14,11.8,7.52,1.21,11.0,7.0,1.22
Bundesliga,2425,Augsburg,St Pauli,3,1,2024-09-15,2.09,3.61,3.52,2.1,3.6,3.4
Bundesliga,2425,Mainz,Werder Bremen,1,2,2024-09-15,2.04,3.66,3.61,2.0,3.7,3.5
Bundesliga,2425,Augsburg,Mainz,2,3,2024-09-20,2.42,3.6,2.97,2.38,3.5,2.9
Bundesliga,2425,Bochum,Holstein Kiel,2,2,2024-09-21,1.99,3.8,3.7,1.91,3.5,4.0
Bundesliga,2425,Heidenheim,Freiburg,0,3,2024-09-21,2.75,3.4,2.66,2.7,3.5,2.55
Bundesliga,2425,Union Berlin,Hoffenheim,2,1,2024-09-21,2.04,3.72,3.65,2.0,3.6,3.7
Bundesliga,2425,Werder Bremen,Bayern Munich,0,5,2024-09-21,7.92,5.6,1.36,8.0,5.5,1.36
Bundesliga,2425,Ein Frankfurt,M'gladbach,2,0,2024-09-21,1.79,4.14,4.26,1.75,4.0,4.33
Bundesliga,2425,Leverkusen,Wolfsburg,4,3,2024-09-22,1.31,5.91,9.23,1.3,5.75,8.0
Bundesliga,2425,Stuttgart,Dortmund,5,1,2024-09-22,2.32,3.8,2.94,2.3,3.75,2.9
Bundesliga,2425,St Pauli,RB Leipzig,0,0,2024-09-22,5.19,4.25,1.64,5.75,3.9,1.62
Bundesliga,2425,Dortmund,Bochum,4,2,2024-09-27,1.24,7.21,11.22,1.25,7.0,9.0
Bundesliga,2425,Freiburg,St Pauli,0,3,2024-09-28,1.62,4.15,5.59,1.62,4.0,5.5
Bundesliga,2425,Mainz,Heidenheim,0,2,2024-09-28,1.86,3.82,4.21,1.83,3.75,4.2
Bundesliga,2425,M'gladbach,Union Berlin,1,0,2024-09-28,2.13,3.54,3.54,2.1,3.5,3.4
Bundesliga,2425,RB Leipzig,Augsburg,4,0,2024-09-28,1.4,5.4,7.14,1.4,5.25,6.5
Bundesliga,2425,Wolfsburg,Stuttgart,2,2,2024-09-28,3.35,3.89,2.09,3.2,3.9,2.05
Bundesliga,2425,Bayern Munich,Leverkusen,1,1,2024-09-28,1.74,4.34,4.36,1.73,4.33,4.2
Bundesliga,2425,Holstein Kiel,Ein Frankfurt,2,4,2024-09-29,4.5,4.22,1.73,4.2,4.2,1.73
Bundesliga,2425,Hoffenheim,Werder Bremen,3,4,2024-09-29,2.4,3.78,2.84,2.38,3.8,2.7
Bundesliga,2425,Augsburg,M'gladbach,2,1,2024-10-04,2.46,3.78,2.81,2.38,3.7,2.7
Bundesliga,2425,Bochum,Wolfsburg,1,3,2024-10-05,3.07,3.78,2.25,3.0,3.7,2.2
Bundesliga,2425,Leverkusen,Holstein Kiel,2,2,2024-10-05,1.08,13.45,25.93,1.09,11.0,21.0
Bundesliga,2425,Union Berlin,Dortmund,2,1,2024-10-05,3.43,3.52,2.18,3.3,3.5,2.15
Bundesliga,2425,Werder Bremen,Freiburg,0,1,2024-10-05,2.67,3.61,2.62,2.6,3.5,2.6
Bundesliga,2425,St Pauli,Mainz,0,3,2024-10-05,2.46,3.42,2.99,2.4,3.3,2.9
Bundesliga,2425,Heidenheim,RB Leipzig,0,1,2024-10-06,4.77,4.18,1.7,4.5,4.33,1.67
Bundesliga,2425,Ein Frankfurt,Bayern Munich,3,3,2024-10-06,5.72,4.85,1.52,5.5,4.5,1.53
Bundesliga,2425,Stuttgart,Hoffenheim,1,1,2024-10-06,1.3,6.4,8.25,1.3,6.0,8.0
Bundesliga,2425,Dortmund,St Pauli,2,1,2024-10-18,1.31,5.95,10.18,1.3,5.25,9.5
Bundesliga,2425,Freiburg,Augsburg,3,1,2024-10-19,1.74,3.87,4.93,1.73,3.75,4.75
Bundesliga,2425,Hoffenheim,Bochum,3,1,2024-10-19,1.7,4.47,4.45,1.7,4.5,4.2
Bundesliga,2425,Leverkusen,Ein Frankfurt,2,1,2024-10-19,1.45,5.18,6.35,1.44,4.75,6.5
Bundesliga,2425,Mainz,RB Leipzig,0,2,2024-10-19,4.27,3.71,1.88,3.9,3.8,1.85
Bundesliga,2425,M'gladbach,Heidenheim,3,2,2024-10-19,1.83,3.77,4.44,1.85,3.7,4.1
Bundesliga,2425,Bayern Munich,Stuttgart,4,0,2024-10-19,1.36,5.88,7.55,1.36,5.25,7.5
Bundesliga,2425,Holstein Kiel,Union Berlin,0,2,2024-10-20,3.48,3.43,2.2,3.5,3.3,2.15
Bundesliga,2425,Wolfsburg,Werder Bremen,2,4,2024-10-20,2.09,3.66,3.55,2.1,3.6,3.3
Bundesliga,2425,Mainz,M'gladbach,1,1,2024-10-25,2.39,3.79,2.89,2.3,3.75,2.8
Bundesliga,2425,Augsburg,Dortmund,2,1,2024-10-26,3.83,3.92,1.93,3.6,4.0,1.9
Bundesliga,2425,RB Leipzig,Freiburg,3,1,2024-10-26,1.75,4.11,4.55,1.73,4.1,4.5
Bundesliga,2425,St Pauli,Wolfsburg,0,0,2024-10-26,2.66,3.47,2.71,2.55,3.5,2.63
Bundesliga,2425,Stuttgart,Holstein Kiel,2,1,2024-10-26,1.23,7.21,11.08,1.22,7.5,9.5
Bundesliga,2425,Werder Bremen,Leverkusen,2,2,2024-10-26,5.84,4.9,1.51,5.25,5.0,1.5
Bundesliga,2425,Bochum,Bayern Munich,0,5,2024-10-27,14.33,9.86,1.15,12.0,9.5,1.17
Bundesliga,2425,Union Berlin,Ein Frankfurt,1,1,2024-10-27,2.63,3.32,2.84,2.55,3.3,2.75
Bundesliga,2425,Heidenheim,Hoffenheim,0,0,2024-10-27,2.32,3.68,3.03,2.25,3.5,3.1
Bundesliga,2425,Leverkusen,Stuttgart,0,0,2024-11-01,1.57,4.87,5.29,1.55,4.75,5.25
Bundesliga,2425,Bayern Munich,Union Berlin,3,0,2024-11-02,1.17,8.24,15.58,1.18,7.5,13.0
Bundesliga,2425,Ein Frankfurt,Bochum,7,2,2024-11-02,1.34,6.0,7.96,1.33,5.75,7.5
Bundesliga,2425,Hoffenheim,St Pauli,0,2,2024-11-02,1.88,3.9,4.02,1.83,3.8,4.0
Bundesliga,2425,Holstein Kiel,Heidenheim,1,0,2024-11-02,2.82,3.52,2.54,2.7,3.5,2.45
Bundesliga,2425,Wolfsburg,Augsburg,1,1,2024-11-02,2.01,3.86,3.59,2.0,3.75,3.5
Bundesliga,2425,Dortmund,RB Leipzig,2,1,2024-11-02,2.25,3.69,3.15,2.2,3.8,3.0
Bundesliga,2425,Freiburg,Mainz,0,0,2024-11-03,1.7,3.9,5.21,1.7,3.9,4.75
Bundesliga,2425,M'gladbach,Werder Bremen,4,1,2024-11-03,2.14,3.89,3.22,2.1,3.8,3.2
Bundesliga,2425,Union Berlin,Freiburg,0,0,2024-11-08,2.55,3.19,3.11,2.45,3.25,2.9
Bundesliga,2425,Bochum,Leverkusen,1,1,2024-11-09,10.94,6.8,1.24,9.5,6.5,1.27
Bundesliga,2425,Mainz,Dortmund,3,1,2024-11-09,3.48,3.74,2.08,3.5,3.6,2.0
Bundesliga,2425,St Pauli,Bayern Munich,0,1,2024-11-09,12.45,7.14,1.22,9.0,7.0,1.25
Bundesliga,2425,Werder Bremen,Holstein Kiel,2,1,2024-11-09,1.64,4.29,5.15,1.62,4.33,4.75
Bundesliga,2425,RB Leipzig,M'gladbach,0,0,2024-11-09,1.6,4.67,5.11,1.57,4.33,5.25
Bundesliga,2425,Augsburg,Hoffenheim,0,0,2024-11-10,2.11,3.85,3.33,2.05,3.75,3.25
Bundesliga,2425,Stuttgart,Ein Frankfurt,2,3,2024-11-10,1.93,4.05,3.72,1.9,4.0,3.7
Bundesliga,2425,Heidenheim,Wolfsburg,1,3,2024-11-10,2.91,3.27,2.61,2.75,3.4,2.45
Bundesliga,2425,Bayern Munich,Augsburg,3,0,2024-11-22,1.12,11.15,21.63,1.13,10.0,15.0
Bundesliga,2425,Dortmund,Freiburg,4,0,2024-11-23,1.69,4.18,4.86,1.67,4.2,4.5
Bundesliga,2425,Hoffenheim,RB Leipzig,4,3,2024-11-23,3.49,3.7,2.09,3.4,3.5,2.1
Bundesliga,2425,Leverkusen,Heidenheim,5,2,2024-11-23,1.19,8.07,13.4,1.2,6.5,15.0
Bundesliga,2425,Stuttgart,Bochum,2,0,2024-11-23,1.33,6.24,7.44,1.29,6.0,9.0
Bundesliga,2425,Wolfsburg,Union Berlin,1,0,2024-11-23,2.37,3.28,3.27,2.3,3.3,3.2
Bundesliga,2425,Ein Frankfurt,Werder Bremen,1,0,2024-11-23,1.71,4.24,4.59,1.7,4.1,4.5
Bundesliga,2425,Holstein Kiel,Mainz,0,3,2024-11-24,3.15,3.49,2.33,3.1,3.4,2.3
Bundesliga,2425,M'gladbach,St Pauli,2,0,2024-11-24,1.83,3.77,4.49,1.8,3.8,4.2
Bundesliga,2425,St Pauli,Holstein Kiel,3,1,2024-11-29,1.71,3.83,5.22,1.67,3.75,5.25
Bundesliga,2425,Augsburg,Bochum,1,0,2024-11-30,1.72,3.99,4.88,1.73,4.0,4.5
Bundesliga,2425,Freiburg,M'gladbach,3,1,2024-11-30,2.01,3.78,3.69,1.95,3.8,3.6
Bundesliga,2425,RB Leipzig,Wolfsburg,1,5,2024-11-30,1.7,4.17,4.8,1.7,4.0,4.75
Bundesliga,2425,Union Berlin,Leverkusen,1,2,2024-11-30,4.72,3.84,1.78,4.75,3.7,1.75
Bundesliga,2425,Werder Bremen,Stuttgart,2,2,2024-11-30,3.02,3.75,2.3,3.0,3.75,2.2
Bundesliga,2425,Dortmund,Bayern Munich,1,1,2024-11-30,4.67,4.38,1.68,4.75,4.1,1.67
Bundesliga,2425,Mainz,Hoffenheim,2,0,2024-12-01,2.08,3.7,3.53,2.1,3.4,3.5
Bundesliga,2425,Heidenheim,Ein Frankfurt,0,4,2024-12-01,3.85,3.73,1.97,3.7,3.7,1.95
Bundesliga,2425,Stuttgart,Union Berlin,3,2,2024-12-06,1.84,3.61,4.78,1.8,3.6,4.5
Bundesliga,2425,Bayern Munich,Heidenheim,4,2,2024-12-07,1.09,14.33,22.78,1.1,11.0,19.0
Bundesliga,2425,Bochum,Werder Bremen,0,1,2024-12-07,3.21,3.59,2.25,3.2,3.5,2.2
Bundesliga,2425,Ein Frankfurt,Augsburg,2,2,2024-12-07,1.56,4.43,5.91,1.53,4.1,6.25
Bundesliga,2425,Holstein Kiel,RB Leipzig,0,2,2024-12-07,5.49,4.42,1.59,5.75,4.2,1.57
Bundesliga,2425,Leverkusen,St Pauli,2,1,2024-12-07,1.24,6.76,11.47,1.25,6.5,10.0
Bundesliga,2425,M'gladbach,Dortmund,1,1,2024-12-07,3.24,3.87,2.14,3.2,3.75,2.1
Bundesliga,2425,Wolfsburg,Mainz,4,3,2024-12-08,2.15,3.34,3.5,2.15,3.3,3.5
Bundesliga,2425,Hoffenheim,Freiburg,1,1,2024-12-08,2.73,3.45,2.54,2.7,3.4,2.55
Bundesliga,2425,Freiburg,Wolfsburg,3,2,2024-12-13,2.26,3.45,3.38,2.2,3.3,3.3
Bundesliga,2425,Augsburg,Leverkusen,0,2,2024-12-14,5.59,4.28,1.6,5.75,4.0,1.57
Bundesliga,2425,Mainz,Bayern Munich,2,1,2024-12-14,6.86,4.87,1.46,6.5,4.5,1.48
Bundesliga,2425,M'gladbach,Holstein Kiel,4,1,2024-12-14,1.46,4.89,6.75,1.44,4.75,6.5
Bundesliga,2425,Union Berlin,Bochum,0,2,2024-12-14,1.6,4.01,6.13,1.6,3.8,6.0
Bundesliga,2425,St Pauli,Werder Bremen,0,2,2024-12-14,2.69,3.36,2.75,2.63,3.4,2.63
Bundesliga,2425,Heidenheim,Stuttgart,1,3,2024-12-15,4.27,3.93,1.83,4.0,4.0,1.8
Bundesliga,2425,Dortmund,Hoffenheim,1,1,2024-12-15,1.45,5.13,6.46,1.44,5.0,6.0
Bundesliga,2425,RB Leipzig,Ein Frankfurt,2,1,2024-12-15,2.11,3.92,3.29,2.05,4.0,3.2
Bundesliga,2425,Bayern Munich,RB Leipzig,5,1,2024-12-20,1.21,7.48,13.15,1.2,7.5,11.0
Bundesliga,2425,Ein Frankfurt,Mainz,1,3,2024-12-21,1.85,4.02,4.05,1.83,4.0,3.9
Bundesliga,2425,Hoffenheim,M'gladbach,1,2,2024-12-21,2.4,3.66,2.91,2.3,3.6,2.9
Bundesliga,2425,Holstein Kiel,Augsburg,5,1,2024-12-21,3.17,3.25,2.44,3.0,3.4,2.35
Bundesliga,2425,Stuttgart,St Pauli,0,1,2024-12-21,1.47,4.73,6.93,1.45,4.75,6.5
Bundesliga,2425,Werder Bremen,Union Berlin,4,1,2024-12-21,2.11,3.38,3.78,2.05,3.3,3.75
Bundesliga,2425,Leverkusen,Freiburg,5,1,2024-12-21,1.37,5.33,8.23,1.38,5.0,7.5
Bundesliga,2425,Bochum,Heidenheim,2,0,2024-12-22,2.35,3.55,3.07,2.3,3.5,3.0
Bundesliga,2425,Wolfsburg,Dortmund,1,3,2024-12-22,3.09,3.65,2.29,3.1,3.6,2.2
Bundesliga,2425,Dortmund,Leverkusen,2,3,2025-01-10,2.92,3.6,2.43,2.7,3.6,2.45
Bundesliga,2425,Freiburg,Holstein Kiel,3,2,2025-01-11,1.4,5.21,7.67,1.4,4.75,7.5
Bundesliga,2425,Heidenheim,Union Berlin,2,0,2025-01-11,3.24,3.29,2.38,3.1,3.3,2.3
Bundesliga,2425,Hoffenheim,Wolfsburg,0,1,2025-01-11,2.44,3.45,3.0,2.35,3.6,2.88
Bundesliga,2425,Mainz,Bochum,2,0,2025-01-11,1.57,4.38,5.81,1.53,4.33,5.75
Bundesliga,2425,St Pauli,Ein Frankfurt,0,1,2025-01-11,3.8,3.4,2.1,3.7,3.5,2.05
Bundesliga,2425,M'gladbach,Bayern Munich,0,1,2025-01-11,7.2,5.47,1.4,7.0,5.0,1.4
Bundesliga,2425,RB Leipzig,Werder Bremen,4,2,2025-01-12,1.76,4.18,4.34,1.75,4.0,4.2
Bundesliga,2425,Augsburg,Stuttgart,0,1,2025-01-12,3.76,3.71,2.0,3.6,3.6,2.0
Bundesliga,2425,Holstein Kiel,Dortmund,4,2,2025-01-14,5.52,4.77,1.56,5.25,4.5,1.55
Bundesliga,2425,Ein Frankfurt,Freiburg,4,1,2025-01-14,1.72,4.19,4.77,1.7,4.2,4.33
Bundesliga,2425,Leverkusen,Mainz,1,0,2025-01-14,1.38,5.26,8.51,1.36,5.25,7.5
Bundesliga,2425,Wolfsburg,M'gladbach,5,1,2025-01-14,1.95,3.86,3.87,1.91,3.8,3.75
Bundesliga,2425,Bochum,St Pauli,1,0,2025-01-15,2.64,3.28,2.87,2.6,3.25,2.75
Bundesliga,2425,Bayern Munich,Hoffenheim,5,0,2025-01-15,1.12,11.23,17.9,1.13,9.0,17.0
Bundesliga,2425,Stuttgart,RB Leipzig,2,1,2025-01-15,2.01,3.81,3.63,1.95,3.9,3.4
Bundesliga,2425,Union Berlin,Augsburg,0,2,2025-01-15,1.84,3.56,4.74,1.83,3.5,4.5
Bundesliga,2425,Werder Bremen,Heidenheim,3,3,2025-01-15,1.64,4.42,4.97,1.6,4.2,4.75
Bundesliga,2425,Ein Frankfurt,Dortmund,2,0,2025-01-17,2.61,3.64,2.71,2.55,3.6,2.63
Bundesliga,2425,Bayern Munich,Wolfsburg,3,2,2025-01-18,1.17,8.66,14.14,1.17,7.5,15.0
Bundesliga,2425,Bochum,RB Leipzig,3,3,2025-01-18,3.71,3.75,2.01,3.7,3.6,2.0
Bundesliga,2425,Heidenheim,St Pauli,0,2,2025-01-18,2.43,3.5,2.97,2.38,3.5,2.8
Bundesliga,2425,Holstein Kiel,Hoffenheim,1,3,2025-01-18,2.94,3.63,2.39,3.0,3.4,2.35
Bundesliga,2425,Stuttgart,Freiburg,4,0,2025-01-18,1.67,4.39,4.78,1.65,4.5,4.5
Bundesliga,2425,Leverkusen,M'gladbach,3,1,2025-01-18,1.27,6.29,9.26,1.27,5.75,11.0
Bundesliga,2425,Union Berlin,Mainz,2,1,2025-01-19,2.63,3.2,2.94,2.55,3.2,2.88
Bundesliga,2425,Werder Bremen,Augsburg,0,2,2025-01-19,1.88,3.79,4.19,1.85,3.8,4.0
Bundesliga,2425,Wolfsburg,Holstein Kiel,2,2,2025-01-24,1.44,5.08,7.11,1.42,5.0,7.0
Bundesliga,2425,Augsburg,Heidenheim,2,1,2025-01-25,1.91,3.65,4.22,1.82,3.6,4.0
Bundesliga,2425,Dortmund,Werder Bremen,2,2,2025-01-25,1.63,4.44,5.03,1.62,4.33,4.75
Bundesliga,2425,Freiburg,Bayern Munich,1,2,2025-01-25,8.98,5.78,1.33,7.5,5.75,1.33
Bundesliga,2425,Mainz,Stuttgart,2,0,2025-01-25,2.88,3.55,2.47,2.8,3.5,2.45
Bundesliga,2425,RB Leipzig,Leverkusen,2,2,2025-01-25,3.79,4.03,1.92,3.7,3.9,1.9
Bundesliga,2425,M'gladbach,Bochum,3,0,2025-01-25,1.72,4.12,4.66,1.73,4.0,4.5
Bundesliga,2425,Hoffenheim,Ein Frankfurt,2,2,2025-01-26,3.16,3.58,2.29,3.1,3.6,2.2
Bundesliga,2425,St Pauli,Union Berlin,3,0,2025-01-26,2.53,3.15,3.12,2.55,3.1,3.0
Bundesliga,2425,Werder Bremen,Mainz,1,0,2025-01-31,2.35,3.46,3.19,2.25,3.3,3.2
Bundesliga,2425,Bayern Munich,Holstein Kiel,4,3,2025-02-01,1.05,17.7,41.8,1.05,17.0,26.0
Bundesliga,2425,Bochum,Freiburg,0,1,2025-02-01,2.88,3.42,2.54,2.8,3.4,2.5
Bundesliga,2425,Heidenheim,Dortmund,1,2,2025-02-01,4.49,4.04,1.76,4.33,3.9,1.75
Bundesliga,2425,St Pauli,Augsburg,1,1,2025-02-01,2.38,3.2,3.32,2.35,3.3,3.1
Bundesliga,2425,Stuttgart,M'gladbach,1,2,2025-02-01,1.58,4.65,5.2,1.57,4.5,5.0
Bundesliga,2425,Union Berlin,RB Leipzig,0,0,2025-02-01,3.2,3.52,2.29,3.1,3.5,2.25
Bundesliga,2425,Ein Frankfurt,Wolfsburg,1,1,2025-02-02,1.99,3.8,3.72,1.95,3.8,3.6
Bundesliga,2425,Leverkusen,Hoffenheim,3,1,2025-02-02,1.23,7.29,10.7,1.25,7.0,9.5
Bundesliga,2425,Bayern Munich,Werder Bremen,3,0,2025-02-07,1.09,12.89,20.27,1.1,11.0,17.0
Bundesliga,2425,Dortmund,Stuttgart,1,2,2025-02-08,1.88,3.93,3.98,1.85,3.8,3.9
Bundesliga,2425,Freiburg,Heidenheim,1,0,2025-02-08,1.74,3.99,4.77,1.7,3.75,4.75
Bundesliga,2425,Hoffenheim,Union Berlin,0,4,2025-02-08,2.26,3.6,3.2,2.2,3.5,3.2
Bundesliga,2425,Mainz,Augsburg,0,0,2025-02-08,1.78,3.72,4.88,1.75,3.5,5.0
Bundesliga,2425,Wolfsburg,Leverkusen,0,0,2025-02-08,4.3,3.86,1.84,4.33,3.6,1.8
Bundesliga,2425,M'gladbach,Ein Frankfurt,1,1,2025-02-08,2.62,3.7,2.63,2.63,3.5,2.55
Bundesliga,2425,Holstein Kiel,Bochum,2,2,2025-02-09,2.31,3.54,3.15,2.25,3.5,3.0
Bundesliga,2425,RB Leipzig,St Pauli,2,0,2025-02-09,1.57,4.39,5.81,1.57,4.2,5.25
Bundesliga,2425,Augsburg,RB Leipzig,0,0,2025-02-14,3.02,3.41,2.48,2.9,3.3,2.4
Bundesliga,2425,Bochum,Dortmund,2,0,2025-02-15,4.98,4.27,1.66,5.0,3.9,1.67
Bundesliga,2425,St Pauli,Freiburg,0,1,2025-02-15,2.6,3.25,2.94,2.5,3.25,2.88
Bundesliga,2425,Stuttgart,Wolfsburg,1,2,2025-02-15,1.76,4.24,4.32,1.73,4.2,4.2
Bundesliga,2425,Union Berlin,M'gladbach,1,2,2025-02-15,2.28,3.57,3.18,2.2,3.5,3.1
Bundesliga,2425,Leverkusen,Bayern Munich,0,0,2025-02-15,3.08,3.71,2.27,2.9,3.7,2.25
Bundesliga,2425,Werder Bremen,Hoffenheim,1,3,2025-02-16,1.9,4.04,3.8,1.85,3.8,3.9
Bundesliga,2425,Ein Frankfurt,Holstein Kiel,3,1,2025-02-16,1.34,5.94,8.04,1.33,5.75,7.5
Bundesliga,2425,Heidenheim,Mainz,0,2,2025-02-16,3.69,3.53,2.08,3.6,3.5,2.05
Bundesliga,2425,Freiburg,Werder Bremen,5,0,2025-02-21,2.09,3.45,3.84,2.0,3.5,3.75
Bundesliga,2425,Holstein Kiel,Leverkusen,0,2,2025-02-22,10.87,6.67,1.25,11.0,6.0,1.25
Bundesliga,2425,Mainz,St Pauli,2,0,2025-02-22,1.79,3.66,4.88,1.8,3.5,4.75
Bundesliga,2425,M'gladbach,Augsburg,0,3,2025-02-22,1.83,3.82,4.4,1.85,3.75,4.0
Bundesliga,2425,Wolfsburg,Bochum,1,1,2025-02-22,1.56,4.53,5.71,1.53,4.2,6.0
Bundesliga,2425,Dortmund,Union Berlin,6,0,2025-02-22,1.57,4.52,5.55,1.53,4.5,5.5
Bundesliga,2425,RB Leipzig,Heidenheim,2,2,2025-02-23,1.35,5.61,8.22,1.33,5.0,8.5
Bundesliga,2425,Bayern Munich,Ein Frankfurt,4,0,2025-02-23,1.3,6.5,8.28,1.3,6.5,7.5
Bundesliga,2425,Hoffenheim,Stuttgart,1,1,2025-02-23,3.63,3.96,1.97,3.5,3.9,1.95
Bundesliga,2425,Stuttgart,Bayern Munich,1,3,2025-02-28,4.94,4.37,1.67,4.75,4.2,1.65
Bundesliga,2425,Bochum,Hoffenheim,0,1,2025-03-01,2.47,3.56,2.88,2.4,3.6,2.8
Bundesliga,2425,Heidenheim,M'gladbach,0,3,2025-03-01,3.1,3.62,2.3,3.1,3.5,2.25
Bundesliga,2425,RB Leipzig,Mainz,1,2,2025-03-01,2.02,3.76,3.66,1.95,3.7,3.75
Bundesliga,2425,St Pauli,Dortmund,0,2,2025-03-01,4.31,3.73,1.87,4.1,3.8,1.83
Bundesliga,2425,Werder Bremen,Wolfsburg,1,2,2025-03-01,2.72,3.55,2.61,2.63,3.4,2.6
Bundesliga,2425,Ein Frankfurt,Leverkusen,1,4,2025-03-01,4.72,3.92,1.76,4.75,3.75,1.73
Bundesliga,2425,Union Berlin,Holstein Kiel,0,1,2025-03-02,1.62,4.25,5.45,1.57,4.33,5.25
Bundesliga,2425,Augsburg,Freiburg,0,0,2025-03-02,2.71,3.13,2.91,2.63,3.25,2.7
Bundesliga,2425,M'gladbach,Mainz,1,3,2025-03-07,2.65,3.43,2.74,2.6,3.3,2.7
Bundesliga,2425,Bayern Munich,Bochum,2,3,2025-03-08,1.11,12.4,17.74,1.11,9.5,19.0
Bundesliga,2425,Dortmund,Augsburg,0,1,2025-03-08,1.55,4.42,6.05,1.53,4.33,5.75
Bundesliga,2425,Holstein Kiel,Stuttgart,2,2,2025-03-08,5.89,4.71,1.52,5.75,4.33,1.53
Bundesliga,2425,Leverkusen,Werder Bremen,0,2,2025-03-08,1.27,6.39,10.17,1.27,5.75,11.0
Bundesliga,2425,Wolfsburg,St Pauli,1,1,2025-03-08,1.78,3.75,4.85,1.75,3.5,5.0
Bundesliga,2425,Freiburg,RB Leipzig,0,0,2025-03-08,2.66,3.32,2.81,2.55,3.3,2.7
Bundesliga,2425,Ein Frankfurt,Union Berlin,1,2,2025-03-09,1.77,4.13,4.39,1.73,4.0,4.5
Bundesliga,2425,Hoffenheim,Heidenheim,1,1,2025-03-09,1.78,4.03,4.41,1.75,4.0,4.33
Bundesliga,2425,St Pauli,Hoffenheim,1,0,2025-03-14,2.31,3.3,3.37,2.25,3.25,3.3
Bundesliga,2425,Augsburg,Wolfsburg,1,0,2025-03-15,2.63,3.29,2.87,2.55,3.3,2.75
Bundesliga,2425,Mainz,Freiburg,2,2,2025-03-15,2.02,3.45,4.0,1.95,3.3,4.1
Bundesliga,2425,Union Berlin,Bayern Munich,1,1,2025-03-15,9.0,5.36,1.35,8.5,5.0,1.36
Bundesliga,2425,Werder Bremen,M'gladbach,2,4,2025-03-15,2.42,3.68,2.87,2.35,3.6,2.8
Bundesliga,2425,RB Leipzig,Dortmund,2,0,2025-03-15,2.43,3.68,2.87,2.38,3.6,2.88
Bundesliga,2425,Bochum,Ein Frankfurt,1,3,2025-03-16,3.13,3.66,2.27,3.1,3.6,2.2
Bundesliga,2425,Heidenheim,Holstein Kiel,3,1,2025-03-16,2.03,3.66,3.72,2.0,3.5,3.75
Bundesliga,2425,Stuttgart,Leverkusen,3,4,2025-03-16,3.09,3.6,2.32,3.1,3.4,2.3
Bundesliga,2425,Leverkusen,Bochum,3,1,2025-03-28,1.23,6.93,11.71,1.22,6.5,12.0
Bundesliga,2425,Bayern Munich,St Pauli,3,2,2025-03-29,1.15,9.41,16.44,1.14,8.0,15.0
Bundesliga,2425,Hoffenheim,Augsburg,1,1,2025-03-29,2.43,3.29,3.15,2.35,3.3,3.1
Bundesliga,2425,Holstein Kiel,Werder Bremen,0,3,2025-03-29,3.42,3.85,2.08,3.2,3.9,2.05
Bundesliga,2425,M'gladbach,RB Leipzig,1,0,2025-03-29,2.94,3.58,2.41,2.88,3.7,2.3
Bundesliga,2425,Wolfsburg,Heidenheim,0,1,2025-03-29,1.66,4.12,5.22,1.67,3.75,5.0
Bundesliga,2425,Ein Frankfurt,Stuttgart,1,0,2025-03-29,2.6,3.67,2.66,2.5,3.8,2.5
Bundesliga,2425,Freiburg,Union Berlin,1,2,2025-03-30,2.02,3.43,4.05,2.0,3.5,3.7
Bundesliga,2425,Dortmund,Mainz,3,1,2025-03-30,1.67,4.17,5.07,1.62,3.9,5.0
Bundesliga,2425,Augsburg,Bayern Munich,1,3,2025-04-04,7.61,5.01,1.43,7.5,4.75,1.42
Bundesliga,2425,Bochum,Stuttgart,0,4,2025-04-05,3.2,3.8,2.18,3.1,3.7,2.15
Bundesliga,2425,Freiburg,Dortmund,1,4,2025-04-05,3.1,3.61,2.31,3.1,3.5,2.2
Bundesliga,2425,Heidenheim,Leverkusen,0,1,2025-04-05,6.78,4.84,1.46,6.5,4.75,1.44
Bundesliga,2425,Mainz,Holstein Kiel,1,1,2025-04-05,1.43,5.01,7.05,1.45,4.5,7.0
Bundesliga,2425,RB Leipzig,Hoffenheim,3,1,2025-04-05,1.58,4.55,5.43,1.55,4.2,5.5
Bundesliga,2425,Werder Bremen,Ein Frankfurt,2,0,2025-04-05,2.65,3.73,2.58,2.63,3.5,2.5
Bundesliga,2425,St Pauli,M'gladbach,1,1,2025-04-06,2.52,3.45,2.89,2.5,3.3,2.75
Bundesliga,2425,Union Berlin,Wolfsburg,1,0,2025-04-06,2.49,3.32,3.02,2.45,3.3,2.88
Bundesliga,2425,Wolfsburg,RB Leipzig,2,3,2025-04-11,3.0,3.71,2.36,2.88,3.75,2.3
Bundesliga,2425,Bochum,Augsburg,1,2,2025-04-12,2.5,3.35,3.0,2.5,3.4,2.8
Bundesliga,2425,Hoffenheim,Mainz,2,0,2025-04-12,2.69,3.5,2.66,2.7,3.5,2.55
Bundesliga,2425,Holstein Kiel,St Pauli,1,2,2025-04-12,3.28,3.42,2.29,3.25,3.3,2.25
Bundesliga,2425,Leverkusen,Union Berlin,0,0,2025-04-12,1.34,5.61,8.99,1.33,4.75,9.5
Bundesliga,2425,M'gladbach,Freiburg,1,2,2025-04-12,2.19,3.71,3.26,2.15,3.6,3.25
Bundesliga,2425,Bayern Munich,Dortmund,2,2,2025-04-12,1.43,5.36,6.51,1.44,5.25,6.0
Bundesliga,2425,Stuttgart,Werder Bremen,1,2,2025-04-13,1.67,4.62,4.53,1.65,4.33,4.5
Bundesliga,2425,Ein Frankfurt,Heidenheim,3,0,2025-04-13,1.75,4.18,4.43,1.73,4.2,4.2
Bundesliga,2425,Freiburg,Hoffenheim,3,2,2025-04-19,1.96,3.75,3.85,1.91,3.7,3.75
Bundesliga,2425,Heidenheim,Bayern Munich,0,4,2025-04-19,9.06,6.38,1.29,9.0,6.0,1.29
Bundesliga,2425,Mainz,Wolfsburg,2,2,2025-04-19,2.05,3.72,3.6,2.0,3.6,3.6
Bundesliga,2425,RB Leipzig,Holstein Kiel,1,1,2025-04-19,1.31,6.22,8.55,1.33,5.75,7.5
Bundesliga,2425,Werder Bremen,Bochum,1,0,2025-04-19,1.74,4.19,4.49,1.73,4.1,4.33
Bundesliga,2425,Union Berlin,Stuttgart,4,4,2025-04-19,2.87,3.43,2.54,2.8,3.4,2.45
Bundesliga,2425,Augsburg,Ein Frankfurt,0,0,2025-04-20,2.63,3.44,2.77,2.55,3.3,2.75
Bundesliga,2425,Dortmund,M'gladbach,3,2,2025-04-20,1.43,5.46,6.47,1.42,5.25,6.5
Bundesliga,2425,St Pauli,Leverkusen,1,1,2025-04-20,5.42,3.93,1.67,5.25,3.8,1.67
Bundesliga,2425,Stuttgart,Heidenheim,0,1,2025-04-25,1.51,4.97,5.99,1.48,5.0,5.75
Bundesliga,2425,Bayern Munich,Mainz,3,0,2025-04-26,1.22,7.3,11.15,1.22,7.0,11.0
Bundesliga,2425,Hoffenheim,Dortmund,2,3,2025-04-26,4.3,4.37,1.74,4.1,4.33,1.73
Bundesliga,2425,Holstein Kiel,M'gladbach,4,3,2025-04-26,3.18,3.9,2.16,3.1,3.8,2.15
Bundesliga,2425,Leverkusen,Augsburg,2,0,2025-04-26,1.37,5.23,8.61,1.36,5.0,8.5
Bundesliga,2425,Wolfsburg,Freiburg,0,1,2025-04-26,2.4,3.67,2.91,2.35,3.5,2.88
Bundesliga,2425,Ein Frankfurt,RB Leipzig,4,0,2025-04-26,2.17,3.92,3.15,2.15,3.8,3.0
Bundesliga,2425,Bochum,Union Berlin,1,1,2025-04-27,2.36,3.5,3.09,2.25,3.4,3.1
Bundesliga,2425,Werder Bremen,St Pauli,0,0,2025-04-27,1.92,3.74,4.07,1.85,3.6,4.0
Bundesliga,2425,Heidenheim,Bochum,0,0,2025-05-02,2.32,3.59,3.13,2.25,3.6,3.1
Bundesliga,2425,M'gladbach,Hoffenheim,4,4,2025-05-03,2.13,4.03,3.16,2.1,4.0,3.0
Bundesliga,2425,RB Leipzig,Bayern Munich,3,3,2025-05-03,4.46,4.73,1.66,4.5,4.33,1.62
Bundesliga,2425,St Pauli,Stuttgart,0,1,2025-05-03,2.73,3.52,2.61,2.62,3.5,2.55
Bundesliga,2425,Union Berlin,Werder Bremen,2,2,2025-05-03,2.78,3.45,2.61,2.7,3.4,2.55
Bundesliga,2425,Dortmund,Wolfsburg,4,0,2025-05-03,1.32,6.21,7.74,1.33,5.75,7.5
Bundesliga,2425,Augsburg,Holstein Kiel,1,3,2025-05-04,1.85,3.81,4.29,1.83,3.9,4.0
Bundesliga,2425,Freiburg,Leverkusen,2,2,2025-05-04,3.14,3.51,2.33,3.2,3.4,2.25
Bundesliga,2425,Mainz,Ein Frankfurt,1,1,2025-05-04,2.41,3.67,2.89,2.35,3.5,2.9
Bundesliga,2425,Wolfsburg,Hoffenheim,2,2,2025-05-09,2.3,3.77,2.99,2.2,3.6,2.9
Bundesliga,2425,Bochum,Mainz,1,4,2025-05-10,3.0,3.73,2.31,2.9,3.6,2.3
Bundesliga,2425,Holstein Kiel,Freiburg,1,2,2025-05-10,3.29,3.88,2.12,3.1,3.75,2.15
Bundesliga,2425,Union Berlin,Heidenheim,0,3,2025-05-10,2.21,3.55,3.33,2.25,3.3,3.3
Bundesliga,2425,Werder Bremen,RB Leipzig,0,0,2025-05-10,2.38,3.7,2.92,2.35,3.7,2.8
Bundesliga,2425,Bayern Munich,M'gladbach,2,0,2025-05-10,1.16,10.06,12.25,1.17,9.5,11.0
Bundesliga,2425,Leverkusen,Dortmund,2,4,2025-05-11,2.66,4.08,2.43,2.7,3.9,2.35
Bundesliga,2425,Ein Frankfurt,St Pauli,2,2,2025-05-11,1.52,4.61,6.18,1.53,4.33,5.75
Bundesliga,2425,Stuttgart,Augsburg,4,0,2025-05-11,1.56,4.54,5.67,1.55,4.33,5.75
Bundesliga,2425,Augsburg,Union Berlin,1,2,2025-05-17,2.07,3.43,3.62,2.1,3.5,3.4
Bundesliga,2425,Dortmund,Holstein Kiel,3,0,2025-05-17,1.07,13.97,18.89,1.09,12.0,19.0
Bundesliga,2425,Freiburg,Ein Frankfurt,1,3,2025-05-17,2.38,3.77,2.74,2.35,3.7,2.8
Bundesliga,2425,Heidenheim,Werder Bremen,1,4,2025-05-17,2.31,3.91,2.76,2.3,3.8,2.75
Bundesliga,2425,Hoffenheim,Bayern Munich,0,4,2025-05-17,5.05,5.25,1.5,5.0,5.25,1.5
Bundesliga,2425,Mainz,Leverkusen,2,2,2025-05-17,2.18,3.99,2.93,2.15,3.9,3.0
Bundesliga,2425,M'gladbach,Wolfsburg,0,1,2025-05-17,2.17,4.31,2.79,2.2,4.2,2.8
Bundesliga,2425,RB Leipzig,Stuttgart,2,3,2025-05-17,1.97,4.31,3.2,2.0,4.2,3.2
Bundesliga,2425,St Pauli,Bochum,0,2,2025-05-17,1.66,4.19,4.65,1.67,4.2,4.5
Bundesliga,2324,Werder Bremen,Bayern Munich,0,4,2023-08-18,8.59,6.36,1.33,7.5,6.5,1.3
Bundesliga,2324,Augsburg,M'gladbach,4,4,2023-08-19,2.74,3.78,2.51,2.7,3.6,2.45
Bundesliga,2324,Hoffenheim,Freiburg,1,2,2023-08-19,2.43,3.67,2.92,2.3,3.6,2.9
Bundesliga,2324,Leverkusen,RB Leipzig,3,2,2023-08-19,2.5,3.61,2.85,2.45,3.6,2.75
Bundesliga,2324,Stuttgart,Bochum,5,0,2023-08-19,1.7,4.25,4.78,1.65,4.33,4.5
Bundesliga,2324,Wolfsburg,Heidenheim,2,0,2023-08-19,1.62,4.49,5.24,1.6,4.2,5.25
Bundesliga,2324,Dortmund,FC Koln,1,0,2023-08-19,1.41,5.42,7.25,1.4,5.0,7.0
Bundesliga,2324,Union Berlin,Mainz,4,1,2023-08-20,2.02,3.5,4.02,1.95,3.5,3.9
Bundesliga,2324,Ein Frankfurt,Darmstadt,1,0,2023-08-20,1.4,5.42,7.44,1.36,5.25,7.5
Bundesliga,2324,RB Leipzig,Stuttgart,5,1,2023-08-25,1.53,4.69,6.14,1.5,4.75,5.75
Bundesliga,2324,Bochum,Dortmund,1,1,2023-08-26,6.63,5.36,1.44,7.0,5.0,1.4
Bundesliga,2324,Darmstadt,Union Berlin,1,4,2023-08-26,3.94,3.42,2.08,4.0,3.3,1.95
Bundesliga,2324,FC Koln,Wolfsburg,1,2,2023-08-26,2.41,3.53,3.04,2.3,3.4,3.0
Bundesliga,2324,Freiburg,Werder Bremen,1,0,2023-08-26,1.72,4.15,4.76,1.7,3.75,4.75
Bundesliga,2324,Heidenheim,Hoffenheim,2,3,2023-08-26,2.96,3.81,2.34,3.0,3.6,2.25
Bundesliga,2324,M'gladbach,Leverkusen,0,3,2023-08-26,3.73,4.2,1.91,3.8,3.8,1.85
Bundesliga,2324,Mainz,Ein Frankfurt,1,1,2023-08-27,2.39,3.74,2.92,2.38,3.5,2.88
Bundesliga,2324,Bayern Munich,Augsburg,3,1,2023-08-27,1.09,14.24,22.48,1.08,12.0,19.0
Bundesliga,2324,Dortmund,Heidenheim,2,2,2023-09-01,1.26,7.07,10.23,1.25,7.0,9.5
Bundesliga,2324,Augsburg,Bochum,2,2,2023-09-02,2.09,3.67,3.61,2.0,3.75,3.75
Bundesliga,2324,Hoffenheim,Wolfsburg,3,1,2023-09-02,2.48,3.86,2.73,2.5,3.6,2.63
Bundesliga,2324,Leverkusen,Darmstadt,5,1,2023-09-02,1.2,7.79,13.72,1.2,7.0,12.0
Bundesliga,2324,Stuttgart,Freiburg,5,0,2023-09-02,2.18,3.79,3.28,2.2,3.5,3.2
Bundesliga,2324,Werder Bremen,Mainz,4,0,2023-09-02,2.76,3.55,2.61,2.63,3.5,2.55
Bundesliga,2324,M'gladbach,Bayern Munich,1,2,2023-09-02,7.93,6.61,1.31,8.5,5.75,1.3
Bundesliga,2324,Ein Frankfurt,FC Koln,1,1,2023-09-03,2.18,3.49,3.54,2.1,3.4,3.5
Bundesliga,2324,Union Berlin,RB Leipzig,0,3,2023-09-03,3.24,3.48,2.31,3.4,3.25,2.2
Bundesliga,2324,Bayern Munich,Leverkusen,2,2,2023-09-15,1.65,4.7,4.78,1.65,4.5,4.5
Bundesliga,2324,FC Koln,Hoffenheim,1,3,2023-09-16,2.26,3.87,3.06,2.25,3.6,3.1
Bundesliga,2324,Freiburg,Dortmund,2,4,2023-09-16,3.16,3.86,2.21,3.1,3.8,2.1
Bundesliga,2324,Mainz,Stuttgart,1,3,2023-09-16,2.57,3.71,2.71,2.63,3.4,2.7
Bundesliga,2324,RB Leipzig,Augsburg,3,0,2023-09-16,1.24,7.19,11.19,1.25,7.0,10.0
Bundesliga,2324,Wolfsburg,Union Berlin,2,1,2023-09-16,2.27,3.55,3.27,2.25,3.4,3.2
Bundesliga,2324,Bochum,Ein Frankfurt,1,1,2023-09-16,2.95,3.63,2.42,2.88,3.6,2.38
Bundesliga,2324,Heidenheim,Werder Bremen,4,2,2023-09-17,2.39,3.88,2.85,2.3,4.0,2.7
Bundesliga,2324,Darmstadt,M'gladbach,3,3,2023-09-17,3.01,3.74,2.34,2.9,3.5,2.38
Bundesliga,2324,Stuttgart,Darmstadt,3,1,2023-09-22,1.4,5.24,8.18,1.36,4.5,8.0
Bundesliga,2324,Augsburg,Mainz,2,1,2023-09-23,2.61,3.7,2.68,2.55,3.5,2.63
Bundesliga,2324,Bayern Munich,Bochum,7,0,2023-09-23,1.1,12.85,20.11,1.11,10.0,19.0
Bundesliga,2324,Dortmund,Wolfsburg,1,0,2023-09-23,1.71,4.47,4.48,1.65,4.0,4.75
Bundesliga,2324,M'gladbach,RB Leipzig,0,1,2023-09-23,5.26,4.74,1.59,4.75,4.75,1.57
Bundesliga,2324,Union Berlin,Hoffenheim,0,2,2023-09-23,2.15,3.72,3.39,2.05,3.6,3.4
Bundesliga,2324,Werder Bremen,FC Koln,2,1,2023-09-23,2.56,3.69,2.74,2.5,3.6,2.6
Bundesliga,2324,Leverkusen,Heidenheim,4,1,2023-09-24,1.23,7.35,11.42,1.22,6.5,12.0
Bundesliga,2324,Ein Frankfurt,Freiburg,0,0,2023-09-24,2.16,3.66,3.42,2.05,3.6,3.4
Bundesliga,2324,Hoffenheim,Dortmund,1,3,2023-09-29,3.15,4.16,2.12,3.1,4.0,2.05
Bundesliga,2324,Bochum,M'gladbach,1,3,2023-09-30,2.32,3.88,2.96,2.3,3.75,2.9
Bundesliga,2324,FC Koln,Stuttgart,0,2,2023-09-30,2.89,3.64,2.46,2.88,3.5,2.38
Bundesliga,2324,Heidenheim,Union Berlin,1,0,2023-09-30,3.05,3.72,2.32,3.0,3.6,2.25
Bundesliga,2324,Mainz,Leverkusen,0,3,2023-09-30,5.85,4.72,1.54,5.75,4.5,1.53
Bundesliga,2324,Wolfsburg,Ein Frankfurt,2,0,2023-09-30,2.11,3.53,3.68,2.05,3.5,3.5
Bundesliga,2324,RB Leipzig,Bayern Munich,2,2,2023-09-30,3.73,4.2,1.91,3.4,4.2,1.91
Bundesliga,2324,Darmstadt,Werder Bremen,4,2,2023-10-01,2.82,3.74,2.47,2.8,3.8,2.3
Bundesliga,2324,Freiburg,Augsburg,2,0,2023-10-01,1.73,4.19,4.68,1.73,4.0,4.75
Bundesliga,2324,M'gladbach,Mainz,2,2,2023-10-06,2.08,3.93,3.48,2.05,3.75,3.4
Bundesliga,2324,Augsburg,Darmstadt,1,2,2023-10-07,1.92,3.9,3.98,1.85,3.75,4.0
Bundesliga,2324,Dortmund,Union Berlin,4,2,2023-10-07,1.61,4.51,5.28,1.57,4.33,5.25
Bundesliga,2324,RB Leipzig,Bochum,0,0,2023-10-07,1.25,6.87,10.85,1.25,6.0,11.0
Bundesliga,2324,Stuttgart,Wolfsburg,3,1,2023-10-07,2.01,3.8,3.73,2.0,3.5,3.75
Bundesliga,2324,Werder Bremen,Hoffenheim,2,3,2023-10-07,2.75,3.92,2.44,2.75,3.75,2.4
Bundesliga,2324,Leverkusen,FC Koln,3,0,2023-10-08,1.34,5.68,9.07,1.33,5.5,8.0
Bundesliga,2324,Bayern Munich,Freiburg,3,0,2023-10-08,1.16,9.23,14.64,1.14,8.5,17.0
Bundesliga,2324,Ein Frankfurt,Heidenheim,2,0,2023-10-08,1.74,4.12,4.7,1.7,4.0,4.75
Bundesliga,2324,Dortmund,Werder Bremen,1,0,2023-10-20,1.3,6.69,8.63,1.29,6.5,8.0
Bundesliga,2324,Darmstadt,RB Leipzig,1,3,2023-10-21,6.38,5.09,1.47,6.5,4.75,1.44
Bundesliga,2324,Freiburg,Bochum,2,1,2023-10-21,1.76,4.02,4.73,1.7,3.75,5.0
Bundesliga,2324,Hoffenheim,Ein Frankfurt,1,3,2023-10-21,2.15,3.72,3.4,2.1,3.5,3.4
Bundesliga,2324,Union Berlin,Stuttgart,0,3,2023-10-21,2.56,3.58,2.79,2.5,3.5,2.7
Bundesliga,2324,Wolfsburg,Leverkusen,1,2,2023-10-21,4.52,4.2,1.75,4.33,4.0,1.75
Bundesliga,2324,Mainz,Bayern Munich,1,3,2023-10-21,9.99,6.69,1.27,9.0,6.0,1.29
Bundesliga,2324,FC Koln,M'gladbach,3,1,2023-10-22,2.37,3.77,2.93,2.4,3.6,2.88
Bundesliga,2324,Heidenheim,Augsburg,2,5,2023-10-22,2.42,3.69,2.91,2.45,3.5,2.8
Bundesliga,2324,Bochum,Mainz,2,2,2023-10-27,2.78,3.57,2.57,2.7,3.3,2.55
Bundesliga,2324,Augsburg,Wolfsburg,3,2,2023-10-28,2.91,3.67,2.4,2.9,3.5,2.38
Bundesliga,2324,Bayern Munich,Darmstadt,8,0,2023-10-28,1.07,16.22,27.11,1.06,12.0,26.0
Bundesliga,2324,M'gladbach,Heidenheim,2,1,2023-10-28,1.8,4.26,4.16,1.8,4.0,4.0
Bundesliga,2324,Stuttgart,Hoffenheim,2,3,2023-10-28,1.88,4.15,3.82,1.85,4.0,3.8
Bundesliga,2324,Werder Bremen,Union Berlin,2,0,2023-10-28,2.73,3.61,2.6,2.7,3.3,2.6
Bundesliga,2324,RB Leipzig,FC Koln,6,0,2023-10-28,1.44,5.05,7.18,1.44,4.75,7.0
Bundesliga,2324,Ein Frankfurt,Dortmund,3,3,2023-10-29,3.31,3.73,2.18,3.4,3.4,2.15
Bundesliga,2324,Leverkusen,Freiburg,2,1,2023-10-29,1.29,6.08,10.27,1.29,5.5,11.0
Bundesliga,2324,Darmstadt,Bochum,1,2,2023-11-03,2.41,3.61,2.98,2.3,3.75,2.88
Bundesliga,2324,FC Koln,Augsburg,1,1,2023-11-04,2.32,3.75,2.97,2.3,3.6,2.9
Bundesliga,2324,Freiburg,M'gladbach,3,3,2023-11-04,2.08,4.0,3.31,2.1,3.8,3.2
Bundesliga,2324,Hoffenheim,Leverkusen,2,3,2023-11-04,4.92,4.9,1.59,5.0,4.5,1.57
Bundesliga,2324,Mainz,RB Leipzig,2,0,2023-11-04,5.42,4.56,1.58,5.75,4.2,1.6
Bundesliga,2324,Union Berlin,Ein Frankfurt,0,3,2023-11-04,2.57,3.21,3.01,2.55,3.1,2.9
Bundesliga,2324,Dortmund,Bayern Munich,0,4,2023-11-04,3.77,4.42,1.84,4.0,4.33,1.75
Bundesliga,2324,Wolfsburg,Werder Bremen,2,2,2023-11-05,1.74,4.29,4.37,1.7,4.33,4.33
Bundesliga,2324,Heidenheim,Stuttgart,2,0,2023-11-05,4.59,4.39,1.69,4.5,4.33,1.65
Bundesliga,2324,M'gladbach,Wolfsburg,4,0,2023-11-10,2.41,3.75,2.89,2.3,3.8,2.7
Bundesliga,2324,Augsburg,Hoffenheim,1,1,2023-11-11,2.62,3.92,2.52,2.63,3.6,2.55
Bundesliga,2324,Bayern Munich,Heidenheim,4,2,2023-11-11,1.06,18.13,28.2,1.06,17.0,21.0
Bundesliga,2324,Darmstadt,Mainz,0,0,2023-11-11,3.04,3.72,2.3,3.1,3.5,2.25
Bundesliga,2324,Stuttgart,Dortmund,2,1,2023-11-11,2.61,3.85,2.56,2.55,3.75,2.55
Bundesliga,2324,Bochum,FC Koln,1,1,2023-11-11,2.46,3.7,2.81,2.45,3.4,2.88
Bundesliga,2324,Leverkusen,Union Berlin,4,0,2023-11-12,1.29,6.09,10.4,1.29,6.0,9.0
Bundesliga,2324,Werder Bremen,Ein Frankfurt,2,2,2023-11-12,3.01,3.6,2.36,3.1,3.4,2.3
Bundesliga,2324,RB Leipzig,Freiburg,3,1,2023-11-12,1.46,4.96,6.59,1.44,5.0,6.5
Bundesliga,2324,FC Koln,Bayern Munich,0,1,2023-11-24,10.64,6.78,1.25,9.0,7.0,1.25
Bundesliga,2324,Dortmund,M'gladbach,4,2,2023-11-25,1.48,5.38,5.62,1.45,5.5,5.25
Bundesliga,2324,Freiburg,Darmstadt,1,1,2023-11-25,1.57,4.42,5.65,1.55,4.33,5.75
Bundesliga,2324,Union Berlin,Augsburg,1,1,2023-11-25,2.01,3.65,3.79,1.95,3.6,3.8
Bundesliga,2324,Werder Bremen,Leverkusen,0,3,2023-11-25,6.3,5.25,1.45,6.5,5.0,1.45
Bundesliga,2324,Wolfsburg,RB Leipzig,2,1,2023-11-25,3.79,3.97,1.93,3.6,4.0,1.91
Bundesliga,2324,Ein Frankfurt,Stuttgart,1,2,2023-11-25,2.65,3.7,2.6,2.6,3.6,2.6
Bundesliga,2324,Heidenheim,Bochum,0,0,2023-11-26,2.23,3.81,3.09,2.2,3.6,3.1
Bundesliga,2324,Hoffenheim,Mainz,1,1,2023-11-26,1.85,4.08,4.01,1.85,3.8,3.8
Bundesliga,2324,Darmstadt,FC Koln,0,1,2023-12-01,2.66,3.54,2.71,2.63,3.4,2.6
Bundesliga,2324,Bochum,Wolfsburg,3,1,2023-12-02,2.67,3.6,2.62,2.63,3.6,2.55
Bundesliga,2324,M'gladbach,Hoffenheim,2,1,2023-12-02,2.26,4.13,2.87,2.2,4.0,2.88
Bundesliga,2324,RB Leipzig,Heidenheim,2,1,2023-12-02,1.24,7.2,10.19,1.25,7.0,9.0
Bundesliga,2324,Stuttgart,Werder Bremen,2,0,2023-12-02,1.4,5.24,7.66,1.4,5.25,6.5
Bundesliga,2324,Mainz,Freiburg,0,1,2023-12-03,2.29,3.56,3.16,2.3,3.4,3.1
Bundesliga,2324,Leverkusen,Dortmund,1,1,2023-12-03,1.68,4.46,4.59,1.62,4.5,4.75
Bundesliga,2324,Augsburg,Ein Frankfurt,2,1,2023-12-03,2.69,3.6,2.61,2.63,3.6,2.55
Bundesliga,2324,Hoffenheim,Bochum,3,1,2023-12-08,1.73,4.32,4.52,1.67,4.2,4.75
Bundesliga,2324,Ein Frankfurt,Bayern Munich,5,1,2023-12-09,8.96,6.05,1.31,9.0,5.5,1.3
Bundesliga,2324,Heidenheim,Darmstadt,3,2,2023-12-09,2.07,3.73,3.53,2.05,3.5,3.5
Bundesliga,2324,Union Berlin,M'gladbach,3,1,2023-12-09,2.18,3.68,3.29,2.1,3.5,3.4
Bundesliga,2324,Werder Bremen,Augsburg,2,0,2023-12-09,2.45,3.71,2.81,2.38,3.6,2.8
Bundesliga,2324,Wolfsburg,Freiburg,0,1,2023-12-09,2.29,3.78,3.0,2.25,3.5,3.1
Bundesliga,2324,Dortmund,RB Leipzig,2,3,2023-12-09,2.59,3.87,2.57,2.6,3.6,2.55
Bundesliga,2324,Stuttgart,Leverkusen,1,1,2023-12-10,2.84,3.82,2.38,2.9,3.6,2.3
Bundesliga,2324,FC Koln,Mainz,0,0,2023-12-10,2.48,3.44,2.95,2.3,3.5,3.0
Bundesliga,2324,M'gladbach,Werder Bremen,2,2,2023-12-15,2.01,4.02,3.54,2.0,4.0,3.3
Bundesliga,2324,Augsburg,Dortmund,1,1,2023-12-16,3.64,4.24,1.91,3.5,4.2,1.91
Bundesliga,2324,Bochum,Union Berlin,3,0,2023-12-16,2.68,3.48,2.68,2.7,3.4,2.6
Bundesliga,2324,Darmstadt,Wolfsburg,0,1,2023-12-16,3.29,3.61,2.21,3.1,3.6,2.2
Bundesliga,2324,Mainz,Heidenheim,0,1,2023-12-16,1.67,4.23,4.93,1.67,4.2,4.75
Bundesliga,2324,RB Leipzig,Hoffenheim,3,1,2023-12-16,1.45,5.3,6.22,1.45,5.0,6.0
Bundesliga,2324,Freiburg,FC Koln,2,0,2023-12-17,1.82,3.75,4.57,1.8,3.8,4.2
Bundesliga,2324,Leverkusen,Ein Frankfurt,3,0,2023-12-17,1.36,5.67,7.93,1.36,5.0,8.5
Bundesliga,2324,Bayern Munich,Stuttgart,3,0,2023-12-17,1.44,5.56,6.06,1.45,5.25,5.5
Bundesliga,2324,Werder Bremen,RB Leipzig,1,1,2023-12-19,5.13,4.76,1.6,5.0,4.5,1.57
Bundesliga,2324,Dortmund,Mainz,1,1,2023-12-19,1.57,4.84,5.33,1.55,4.75,5.25
Bundesliga,2324,Hoffenheim,Darmstadt,3,3,2023-12-19,1.45,5.14,6.78,1.44,5.0,6.5
Bundesliga,2324,Union Berlin,FC Koln,2,0,2023-12-20,1.95,3.59,4.09,1.95,3.6,3.8
Bundesliga,2324,Ein Frankfurt,M'gladbach,2,1,2023-12-20,1.88,3.98,4.0,1.83,4.0,3.8
Bundesliga,2324,Heidenheim,Freiburg,3,2,2023-12-20,2.9,3.58,2.44,2.8,3.6,2.38
Bundesliga,2324,Leverkusen,Bochum,4,0,2023-12-20,1.18,8.42,13.23,1.17,8.0,15.0
Bundesliga,2324,Stuttgart,Augsburg,3,0,2023-12-20,1.37,5.46,7.98,1.36,5.25,7.5
Bundesliga,2324,Wolfsburg,Bayern Munich,1,2,2023-12-20,7.64,5.7,1.37,6.5,5.75,1.36
Bundesliga,2324,Bayern Munich,Hoffenheim,3,0,2024-01-12,1.15,9.94,16.13,1.14,9.0,12.0
Bundesliga,2324,Augsburg,Leverkusen,0,1,2024-01-13,5.74,4.65,1.54,5.25,4.75,1.5
Bundesliga,2324,FC Koln,Heidenheim,1,1,2024-01-13,2.1,3.67,3.51,2.05,3.6,3.4
Bundesliga,2324,Freiburg,Union Berlin,0,0,2024-01-13,2.1,3.62,3.54,2.05,3.6,3.5
Bundesliga,2324,Mainz,Wolfsburg,1,1,2024-01-13,2.25,3.47,3.33,2.2,3.4,3.25
Bundesliga,2324,RB Leipzig,Ein Frankfurt,0,1,2024-01-13,1.45,4.99,6.78,1.45,4.5,7.5
Bundesliga,2324,Darmstadt,Dortmund,0,3,2024-01-13,5.5,4.91,1.53,5.25,4.5,1.53
Bundesliga,2324,Bochum,Werder Bremen,1,1,2024-01-14,2.21,3.78,3.16,2.15,3.6,3.1
Bundesliga,2324,M'gladbach,Stuttgart,3,1,2024-01-14,3.67,4.14,1.92,3.5,4.0,1.91
Bundesliga,2324,Bochum,Stuttgart,1,0,2024-01-20,3.66,3.9,1.98,3.6,3.8,1.95
Bundesliga,2324,Darmstadt,Ein Frankfurt,2,2,2024-01-20,3.91,3.71,1.96,3.8,3.75,1.91
Bundesliga,2324,FC Koln,Dortmund,0,4,2024-01-20,4.27,4.29,1.76,4.5,4.0,1.73
Bundesliga,2324,Freiburg,Hoffenheim,3,2,2024-01-20,2.07,3.83,3.44,2.0,3.8,3.4
Bundesliga,2324,Heidenheim,Wolfsburg,1,1,2024-01-20,2.78,3.5,2.58,2.7,3.5,2.55
Bundesliga,2324,RB Leipzig,Leverkusen,2,3,2024-01-20,2.44,3.78,2.79,2.4,3.8,2.7
Bundesliga,2324,Bayern Munich,Werder Bremen,0,1,2024-01-21,1.08,11.78,20.98,1.09,11.0,21.0
Bundesliga,2324,M'gladbach,Augsburg,1,2,2024-01-21,1.91,3.98,3.61,1.91,3.8,3.8
Bundesliga,2324,Bayern Munich,Union Berlin,1,0,2024-01-24,1.15,8.7,17.25,1.18,7.0,17.0
Bundesliga,2324,Ein Frankfurt,Mainz,1,0,2024-01-26,2.17,3.44,3.54,2.15,3.4,3.5
Bundesliga,2324,Augsburg,Bayern Munich,2,3,2024-01-27,8.77,5.99,1.31,8.5,5.75,1.3
Bundesliga,2324,Hoffenheim,Heidenheim,1,1,2024-01-27,1.7,4.28,4.64,1.67,4.5,4.33
Bundesliga,2324,Stuttgart,RB Leipzig,5,2,2024-01-27,2.75,3.82,2.45,2.63,3.8,2.4
Bundesliga,2324,Werder Bremen,Freiburg,3,1,2024-01-27,2.45,3.52,2.94,2.4,3.5,2.88
Bundesliga,2324,Wolfsburg,FC Koln,1,1,2024-01-27,1.83,3.83,4.41,1.83,3.75,4.2
Bundesliga,2324,Leverkusen,M'gladbach,0,0,2024-01-27,1.27,6.56,9.6,1.29,5.5,10.0
Bundesliga,2324,Union Berlin,Darmstadt,1,0,2024-01-28,1.64,3.92,5.85,1.62,3.8,5.75
Bundesliga,2324,Dortmund,Bochum,3,1,2024-01-28,1.38,5.7,7.32,1.36,5.5,7.5
Bundesliga,2324,Heidenheim,Dortmund,0,0,2024-02-02,3.99,4.34,1.82,3.75,4.5,1.8
Bundesliga,2324,Bayern Munich,M'gladbach,3,1,2024-02-03,1.15,9.2,16.53,1.14,9.5,13.0
Bundesliga,2324,Bochum,Augsburg,1,1,2024-02-03,2.21,3.65,3.25,2.15,3.4,3.4
Bundesliga,2324,Darmstadt,Leverkusen,0,2,2024-02-03,9.27,6.36,1.28,9.5,6.5,1.25
Bundesliga,2324,Freiburg,Stuttgart,1,3,2024-02-03,3.15,3.79,2.21,3.1,3.6,2.2
Bundesliga,2324,Mainz,Werder Bremen,0,1,2024-02-03,2.12,3.52,3.59,2.1,3.5,3.5
Bundesliga,2324,FC Koln,Ein Frankfurt,2,0,2024-02-03,3.31,3.47,2.26,3.25,3.4,2.2
Bundesliga,2324,Wolfsburg,Hoffenheim,2,2,2024-02-04,2.14,3.83,3.28,2.1,3.75,3.2
Bundesliga,2324,RB Leipzig,Union Berlin,2,0,2024-02-04,1.4,4.98,7.93,1.4,5.0,7.5
Bundesliga,2324,Mainz,Union Berlin,1,1,2024-02-07,2.22,3.29,3.58,2.15,3.3,3.5
Bundesliga,2324,Dortmund,Freiburg,3,0,2024-02-09,1.47,5.13,6.36,1.45,4.75,6.5
Bundesliga,2324,Augsburg,RB Leipzig,2,2,2024-02-10,4.19,4.26,1.78,4.0,4.2,1.75
Bundesliga,2324,Ein Frankfurt,Bochum,1,1,2024-02-10,1.76,3.82,4.86,1.73,3.8,4.75
Bundesliga,2324,M'gladbach,Darmstadt,0,0,2024-02-10,1.61,4.33,5.44,1.6,4.5,5.0
Bundesliga,2324,Union Berlin,Wolfsburg,1,0,2024-02-10,2.35,3.37,3.22,2.25,3.4,3.2
Bundesliga,2324,Werder Bremen,Heidenheim,1,2,2024-02-10,1.86,3.79,4.25,1.8,3.8,4.33
Bundesliga,2324,Leverkusen,Bayern Munich,3,0,2024-02-10,2.68,3.9,2.47,2.63,3.8,2.4
Bundesliga,2324,Stuttgart,Mainz,3,1,2024-02-11,1.44,4.77,7.45,1.44,4.5,7.5
Bundesliga,2324,Hoffenheim,FC Koln,1,1,2024-02-11,1.86,3.9,4.12,1.8,3.8,4.33
Bundesliga,2324,FC Koln,Werder Bremen,0,1,2024-02-16,2.57,3.38,2.92,2.4,3.4,2.88
Bundesliga,2324,Darmstadt,Stuttgart,1,2,2024-02-17,6.88,4.89,1.45,6.5,4.75,1.44
Bundesliga,2324,Heidenheim,Leverkusen,1,2,2024-02-17,8.03,5.8,1.35,8.0,5.75,1.33
Bundesliga,2324,Hoffenheim,Union Berlin,0,1,2024-02-17,2.06,3.71,3.58,2.0,3.6,3.6
Bundesliga,2324,Mainz,Augsburg,1,0,2024-02-17,2.03,3.66,3.72,2.0,3.5,3.8
Bundesliga,2324,Wolfsburg,Dortmund,1,1,2024-02-17,3.32,3.79,2.13,3.2,3.8,2.1
Bundesliga,2324,RB Leipzig,M'gladbach,2,0,2024-02-17,1.38,5.63,7.27,1.36,5.5,7.0
Bundesliga,2324,Freiburg,Ein Frankfurt,3,3,2024-02-18,2.33,3.38,3.24,2.3,3.4,3.1
Bundesliga,2324,Bochum,Bayern Munich,3,2,2024-02-18,8.13,5.93,1.34,8.0,5.75,1.33
Bundesliga,2324,Leverkusen,Mainz,2,1,2024-02-23,1.26,6.53,12.14,1.22,6.5,13.0
Bundesliga,2324,M'gladbach,Bochum,5,2,2024-02-24,2.02,3.77,3.65,2.0,3.8,3.5
Bundesliga,2324,Stuttgart,FC Koln,1,1,2024-02-24,1.32,5.75,9.52,1.3,5.25,10.0
Bundesliga,2324,Union Berlin,Heidenheim,2,2,2024-02-24,2.04,3.49,3.89,2.0,3.5,3.75
Bundesliga,2324,Werder Bremen,Darmstadt,1,1,2024-02-24,1.69,3.94,5.22,1.65,4.2,5.0
Bundesliga,2324,Bayern Munich,RB Leipzig,2,1,2024-02-24,1.7,4.4,4.53,1.67,4.33,4.5
Bundesliga,2324,Ein Frankfurt,Wolfsburg,2,2,2024-02-25,2.29,3.48,3.24,2.25,3.4,3.2
Bundesliga,2324,Dortmund,Hoffenheim,2,3,2024-02-25,1.51,5.16,5.52,1.5,5.0,5.5
Bundesliga,2324,Augsburg,Freiburg,2,1,2024-02-25,2.28,3.66,3.11,2.2,3.6,3.1
Bundesliga,2324,Freiburg,Bayern Munich,2,2,2024-03-01,6.11,4.86,1.51,5.75,4.75,1.5
Bundesliga,2324,Bochum,RB Leipzig,1,4,2024-03-02,4.76,4.44,1.66,5.0,4.2,1.62
Bundesliga,2324,Darmstadt,Augsburg,0,6,2024-03-02,2.93,3.47,2.48,2.9,3.3,2.4
Bundesliga,2324,Heidenheim,Ein Frankfurt,1,2,2024-03-02,2.84,3.39,2.59,2.8,3.3,2.5
Bundesliga,2324,Mainz,M'gladbach,1,1,2024-03-02,1.98,3.81,3.73,1.91,3.75,3.75
Bundesliga,2324,Union Berlin,Dortmund,0,2,2024-03-02,3.44,3.62,2.14,3.4,3.6,2.05
Bundesliga,2324,Wolfsburg,Stuttgart,2,3,2024-03-02,3.34,3.56,2.2,3.3,3.5,2.15
Bundesliga,2324,FC Koln,Leverkusen,0,2,2024-03-03,8.08,5.15,1.39,9.0,4.75,1.36
Bundesliga,2324,Hoffenheim,Werder Bremen,2,1,2024-03-03,1.97,3.87,3.72,1.91,4.0,3.6
Bundesliga,2324,Stuttgart,Union Berlin,2,0,2024-03-08,1.48,4.62,7.08,1.45,4.5,7.0
Bundesliga,2324,Augsburg,Heidenheim,1,0,2024-03-09,1.88,3.89,4.07,1.85,4.2,3.5
Bundesliga,2324,Bayern Munich,Mainz,8,1,2024-03-09,1.23,6.97,11.21,1.25,7.0,10.0
Bundesliga,2324,M'gladbach,FC Koln,3,3,2024-03-09,1.85,3.77,4.32,1.83,4.0,4.0
Bundesliga,2324,RB Leipzig,Darmstadt,2,0,2024-03-09,1.15,8.79,16.82,1.14,8.5,15.0
Bundesliga,2324,Werder Bremen,Dortmund,1,2,2024-03-09,3.87,4.06,1.88,3.5,4.33,1.85
Bundesliga,2324,Bochum,Freiburg,1,2,2024-03-10,2.27,3.65,3.13,2.2,3.75,3.0
Bundesliga,2324,Ein Frankfurt,Hoffenheim,3,1,2024-03-10,2.06,3.9,3.43,2.0,4.0,3.3
Bundesliga,2324,Leverkusen,Wolfsburg,2,0,2024-03-10,1.32,5.89,9.05,1.33,5.75,8.5
Bundesliga,2324,FC Koln,RB Leipzig,1,5,2024-03-15,6.61,4.86,1.48,6.5,4.75,1.45
Bundesliga,2324,Darmstadt,Bayern Munich,2,5,2024-03-16,17.12,9.56,1.14,17.0,8.0,1.14
Bundesliga,2324,Heidenheim,M'gladbach,1,1,2024-03-16,2.49,3.63,2.8,2.45,3.6,2.7
Bundesliga,2324,Mainz,Bochum,2,0,2024-03-16,1.79,3.88,4.58,1.8,3.8,4.33
Bundesliga,2324,Union Berlin,Werder Bremen,2,1,2024-03-16,2.02,3.64,3.79,2.05,3.4,3.8
Bundesliga,2324,Wolfsburg,Augsburg,1,3,2024-03-16,2.12,3.65,3.46,2.05,3.5,3.5
Bundesliga,2324,Hoffenheim,Stuttgart,0,3,2024-03-16,3.77,4.23,1.88,3.8,4.0,1.83
Bundesliga,2324,Freiburg,Leverkusen,2,3,2024-03-17,5.92,4.39,1.56,6.0,4.33,1.53
Bundesliga,2324,Dortmund,Ein Frankfurt,3,1,2024-03-17,1.63,4.47,5.01,1.62,4.2,5.0
Bundesliga,2324,Ein Frankfurt,Union Berlin,0,0,2024-03-30,2.07,3.41,3.88,2.0,3.5,3.8
Bundesliga,2324,Leverkusen,Hoffenheim,2,1,2024-03-30,1.21,7.55,11.72,1.2,7.5,12.0
Bundesliga,2324,M'gladbach,Freiburg,0,3,2024-03-30,2.21,3.72,3.19,2.2,3.6,3.2
Bundesliga,2324,RB Leipzig,Mainz,0,0,2024-03-30,1.39,5.34,7.66,1.4,5.25,7.5
Bundesliga,2324,Werder Bremen,Wolfsburg,0,2,2024-03-30,2.88,3.61,2.44,2.88,3.5,2.4
Bundesliga,2324,Bayern Munich,Dortmund,0,2,2024-03-30,1.39,5.92,6.7,1.4,5.75,6.0
Bundesliga,2324,Augsburg,FC Koln,1,1,2024-03-31,1.81,3.84,4.51,1.75,4.0,4.5
Bundesliga,2324,Stuttgart,Heidenheim,3,3,2024-03-31,1.26,6.51,10.08,1.25,6.0,10.0
Bundesliga,2324,Bochum,Darmstadt,2,2,2024-03-31,1.63,4.3,5.25,1.62,4.0,5.25
Bundesliga,2324,Ein Frankfurt,Werder Bremen,1,1,2024-04-05,1.78,4.02,4.56,1.75,3.8,4.5
Bundesliga,2324,FC Koln,Bochum,2,1,2024-04-06,2.33,3.63,3.05,2.25,3.5,3.1
Bundesliga,2324,Freiburg,RB Leipzig,1,4,2024-04-06,4.79,4.31,1.68,4.75,4.33,1.65
Bundesliga,2324,Heidenheim,Bayern Munich,3,2,2024-04-06,7.05,6.07,1.37,6.5,6.0,1.36
Bundesliga,2324,Mainz,Darmstadt,4,0,2024-04-06,1.41,4.97,7.93,1.4,5.0,7.5
Bundesliga,2324,Union Berlin,Leverkusen,0,1,2024-04-06,6.19,4.31,1.55,5.75,4.33,1.55
Bundesliga,2324,Dortmund,Stuttgart,0,1,2024-04-06,2.31,3.95,2.88,2.25,4.0,2.8
Bundesliga,2324,Hoffenheim,Augsburg,3,1,2024-04-07,2.29,3.94,2.92,2.2,4.0,2.9
Bundesliga,2324,Wolfsburg,M'gladbach,1,3,2024-04-07,1.9,3.89,3.97,1.85,4.0,3.8
Bundesliga,2324,Augsburg,Union Berlin,2,0,2024-04-12,2.15,3.52,3.59,2.1,3.4,3.4
Bundesliga,2324,Bayern Munich,FC Koln,2,0,2024-04-13,1.18,8.25,13.01,1.22,7.5,11.0
Bundesliga,2324,Bochum,Heidenheim,1,1,2024-04-13,2.1,3.71,3.47,2.05,3.75,3.3
Bundesliga,2324,Mainz,Hoffenheim,4,1,2024-04-13,2.0,3.91,3.58,1.95,4.0,3.4
Bundesliga,2324,M'gladbach,Dortmund,1,2,2024-04-13,3.29,4.24,2.02,3.25,4.0,2.0
Bundesliga,2324,RB Leipzig,Wolfsburg,3,0,2024-04-13,1.36,5.66,7.8,1.36,5.0,8.0
Bundesliga,2324,Stuttgart,Ein Frankfurt,3,0,2024-04-13,1.51,4.76,6.01,1.53,4.5,5.5
Bundesliga,2324,Darmstadt,Freiburg,0,1,2024-04-14,3.98,3.98,1.88,4.0,3.8,1.83
Bundesliga,2324,Leverkusen,Werder Bremen,5,0,2024-04-14,1.2,7.49,12.7,1.2,7.0,13.0
Bundesliga,2324,Ein Frankfurt,Augsburg,3,1,2024-04-19,2.06,3.76,3.6,2.0,3.75,3.5
Bundesliga,2324,FC Koln,Darmstadt,0,2,2024-04-20,1.49,4.61,6.76,1.5,4.75,5.75
Bundesliga,2324,Heidenheim,RB Leipzig,1,2,2024-04-20,6.19,5.19,1.46,5.75,5.25,1.45
Bundesliga,2324,Hoffenheim,M'gladbach,4,3,2024-04-20,2.16,4.04,3.09,2.1,4.0,3.1
Bundesliga,2324,Wolfsburg,Bochum,1,0,2024-04-20,1.81,3.88,4.43,1.75,4.0,4.33
Bundesliga,2324,Union Berlin,Bayern Munich,1,5,2024-04-20,4.94,4.62,1.62,4.75,4.5,1.62
Bundesliga,2324,Werder Bremen,Stuttgart,2,1,2024-04-21,5.11,4.66,1.6,4.75,4.75,1.57
Bundesliga,2324,Dortmund,Leverkusen,1,1,2024-04-21,2.56,3.84,2.5,2.55,3.8,2.55
Bundesliga,2324,Freiburg,Mainz,1,1,2024-04-21,2.58,3.59,2.72,2.6,3.5,2.6
Bundesliga,2324,Bochum,Hoffenheim,3,2,2024-04-26,2.21,4.0,3.06,2.15,4.0,2.9
Bundesliga,2324,Augsburg,Werder Bremen,0,3,2024-04-27,1.8,4.19,4.13,1.8,4.0,4.0
Bundesliga,2324,Bayern Munich,Ein Frankfurt,2,1,2024-04-27,1.42,5.46,6.65,1.4,5.25,7.0
Bundesliga,2324,Freiburg,Wolfsburg,1,2,2024-04-27,2.37,3.58,3.01,2.3,3.6,2.88
Bundesliga,2324,RB Leipzig,Dortmund,4,1,2024-04-27,1.68,4.45,4.61,1.67,4.33,4.5
Bundesliga,2324,Leverkusen,Stuttgart,2,2,2024-04-27,1.76,4.31,4.25,1.75,4.2,4.33
Bundesliga,2324,M'gladbach,Union Berlin,0,0,2024-04-28,2.38,3.45,3.1,2.3,3.5,3.0
Bundesliga,2324,Mainz,FC Koln,1,1,2024-04-28,1.54,4.37,6.2,1.55,4.33,6.0
Bundesliga,2324,Darmstadt,Heidenheim,0,1,2024-04-28,3.42,3.71,2.12,3.3,3.75,2.1
Bundesliga,2324,Hoffenheim,RB Leipzig,1,1,2024-05-03,5.44,5.24,1.52,5.25,5.0,1.5
Bundesliga,2324,Dortmund,Augsburg,5,1,2024-05-04,1.86,4.37,3.7,1.85,4.33,3.6
Bundesliga,2324,Stuttgart,Bayern Munich,3,1,2024-05-04,2.13,4.14,3.09,2.1,4.0,3.1
Bundesliga,2324,Werder Bremen,M'gladbach,2,2,2024-05-04,2.31,3.83,2.94,2.25,3.75,3.0
Bundesliga,2324,Wolfsburg,Darmstadt,3,0,2024-05-04,1.4,5.13,7.8,1.4,5.0,8.0
Bundesliga,2324,FC Koln,Freiburg,0,0,2024-05-04,2.37,3.66,2.95,2.3,3.75,2.88
Bundesliga,2324,Union Berlin,Bochum,3,4,2024-05-05,1.97,3.51,4.12,1.95,3.5,4.0
Bundesliga,2324,Ein Frankfurt,Leverkusen,1,5,2024-05-05,3.27,3.68,2.19,3.2,3.5,2.2
Bundesliga,2324,Heidenheim,Mainz,1,1,2024-05-05,3.03,3.58,2.36,3.0,3.5,2.3
Bundesliga,2324,Augsburg,Stuttgart,0,1,2024-05-10,3.92,4.45,1.82,4.0,4.2,1.75
Bundesliga,2324,FC Koln,Union Berlin,3,2,2024-05-11,2.79,3.39,2.63,2.8,3.3,2.55
Bundesliga,2324,Freiburg,Heidenheim,1,1,2024-05-11,1.72,4.07,4.78,1.7,4.0,4.5
Bundesliga,2324,M'gladbach,Ein Frankfurt,1,1,2024-05-11,2.53,3.73,2.7,2.45,3.75,2.63
Bundesliga,2324,RB Leipzig,Werder Bremen,1,1,2024-05-11,1.29,6.72,8.41,1.29,6.5,8.0
Bundesliga,2324,Mainz,Dortmund,3,0,2024-05-11,2.19,3.97,3.08,2.2,3.6,3.1
Bundesliga,2324,Darmstadt,Hoffenheim,0,6,2024-05-12,4.67,4.73,1.64,4.75,4.5,1.62
Bundesliga,2324,Bayern Munich,Wolfsburg,2,0,2024-05-12,1.34,6.36,7.4,1.33,6.0,7.5
Bundesliga,2324,Bochum,Leverkusen,0,5,2024-05-12,4.42,4.35,1.72,4.2,4.33,1.7
Bundesliga,2324,Dortmund,Darmstadt,4,0,2024-05-18,1.15,9.67,14.01,1.17,8.5,13.0
Bundesliga,2324,Ein Frankfurt,RB Leipzig,2,2,2024-05-18,2.78,3.75,2.43,2.8,3.8,2.3
Bundesliga,2324,Heidenheim,FC Koln,4,1,2024-05-18,2.35,4.0,2.74,2.3,4.0,2.7
Bundesliga,2324,Hoffenheim,Bayern Munich,4,2,2024-05-18,3.07,4.34,2.07,2.88,4.5,2.0
Bundesliga,2324,Leverkusen,Augsburg,2,1,2024-05-18,1.3,6.65,7.63,1.3,6.0,9.0
Bundesliga,2324,Stuttgart,M'gladbach,4,0,2024-05-18,1.28,6.62,8.47,1.29,6.25,8.5
Bundesliga,2324,Union Berlin,Freiburg,2,1,2024-05-18,2.15,3.39,3.57,2.1,3.4,3.5
Bundesliga,2324,Werder Bremen,Bochum,4,1,2024-05-18,2.37,3.61,2.94,2.38,3.6,2.8
Bundesliga,2324,Wolfsburg,Mainz,1,3,2024-05-18,3.28,3.54,2.21,3.2,3.5,2.2
Bundesliga,2223,Ein Frankfurt,Bayern Munich,1,6,2022-08-05,5.84,5.13,1.52,6.0,5.0,1.5
Bundesliga,2223,Augsburg,Freiburg,0,4,2022-08-06,3.53,3.59,2.17,3.3,3.5,2.15
Bundesliga,2223,Bochum,Mainz,1,2,2022-08-06,3.34,3.43,2.32,3.2,3.4,2.2
Bundesliga,2223,M'gladbach,Hoffenheim,3,1,2022-08-06,2.15,4.22,3.12,2.05,4.2,3.0
Bundesliga,2223,Union Berlin,Hertha,3,1,2022-08-06,1.79,3.78,4.97,1.72,3.75,4.5
Bundesliga,2223,Wolfsburg,Werder Bremen,2,2,2022-08-06,1.93,3.7,4.29,1.85,3.8,3.8
Bundesliga,2223,Dortmund,Leverkusen,1,0,2022-08-06,2.08,4.22,3.28,2.0,4.2,3.2
Bundesliga,2223,Stuttgart,RB Leipzig,1,1,2022-08-07,4.44,4.12,1.8,4.5,3.8,1.75
Bundesliga,2223,FC Koln,Schalke 04,3,1,2022-08-07,1.75,4.28,4.58,1.7,4.0,4.5
Bundesliga,2223,Freiburg,Dortmund,1,3,2022-08-12,3.15,3.83,2.26,3.0,3.75,2.2
Bundesliga,2223,Hertha,Ein Frankfurt,1,1,2022-08-13,3.12,3.57,2.37,3.0,3.5,2.3
Bundesliga,2223,Hoffenheim,Bochum,3,2,2022-08-13,1.61,4.5,5.48,1.57,4.5,5.25
Bundesliga,2223,Leverkusen,Augsburg,1,2,2022-08-13,1.34,5.68,9.74,1.3,5.75,9.5
Bundesliga,2223,RB Leipzig,FC Koln,2,2,2022-08-13,1.44,4.91,7.76,1.44,4.75,7.0
Bundesliga,2223,Werder Bremen,Stuttgart,2,2,2022-08-13,2.36,3.62,3.1,2.25,3.6,3.0
Bundesliga,2223,Schalke 04,M'gladbach,2,2,2022-08-13,3.21,3.81,2.23,3.1,3.8,2.15
Bundesliga,2223,Mainz,Union Berlin,0,0,2022-08-14,2.3,3.23,3.6,2.2,3.25,3.4
Bundesliga,2223,Bayern Munich,Wolfsburg,2,0,2022-08-14,1.17,9.29,14.98,1.12,9.5,17.0
Bundesliga,2223,M'gladbach,Hertha,1,0,2022-08-19,1.54,4.87,5.83,1.5,4.5,6.0
Bundesliga,2223,Augsburg,Mainz,1,2,2022-08-20,3.66,3.58,2.13,3.5,3.5,2.1
Bundesliga,2223,Dortmund,Werder Bremen,2,3,2022-08-20,1.41,5.41,7.64,1.36,5.25,7.5
Bundesliga,2223,Leverkusen,Hoffenheim,0,3,2022-08-20,1.72,4.42,4.6,1.66,4.33,4.5
Bundesliga,2223,Stuttgart,Freiburg,0,1,2022-08-20,2.67,3.66,2.67,2.62,3.6,2.55
Bundesliga,2223,Wolfsburg,Schalke 04,0,0,2022-08-20,1.88,3.78,4.38,1.83,3.8,4.2
Bundesliga,2223,Union Berlin,RB Leipzig,2,1,2022-08-20,3.7,3.63,2.1,3.6,3.5,2.05
Bundesliga,2223,Ein Frankfurt,FC Koln,1,1,2022-08-21,2.06,3.84,3.61,1.95,3.75,3.6
Bundesliga,2223,Bochum,Bayern Munich,0,7,2022-08-21,13.39,8.03,1.2,13.0,8.0,1.18
Bundesliga,2223,Freiburg,Bochum,1,0,2022-08-26,1.53,4.81,6.12,1.5,4.5,6.0
Bundesliga,2223,Hertha,Dortmund,0,1,2022-08-27,4.55,4.62,1.7,4.5,4.33,1.66
Bundesliga,2223,Hoffenheim,Augsburg,1,0,2022-08-27,1.49,4.99,6.52,1.45,4.5,7.0
Bundesliga,2223,Mainz,Leverkusen,0,3,2022-08-27,2.75,3.82,2.52,2.75,3.75,2.37
Bundesliga,2223,RB Leipzig,Wolfsburg,2,0,2022-08-27,1.5,4.73,6.89,1.45,4.75,6.0
Bundesliga,2223,Schalke 04,Union Berlin,1,6,2022-08-27,3.16,3.48,2.39,3.1,3.4,2.3
Bundesliga,2223,Bayern Munich,M'gladbach,1,1,2022-08-27,1.2,8.4,13.14,1.18,8.0,12.0
Bundesliga,2223,FC Koln,Stuttgart,0,0,2022-08-28,2.16,3.67,3.48,2.05,3.75,3.4
Bundesliga,2223,Werder Bremen,Ein Frankfurt,3,4,2022-08-28,2.58,3.55,2.83,2.45,3.5,2.8
Bundesliga,2223,Dortmund,Hoffenheim,1,0,2022-09-02,1.69,4.66,4.59,1.61,4.5,4.75
Bundesliga,2223,Bochum,Werder Bremen,0,2,2022-09-03,2.99,3.71,2.39,2.9,3.6,2.3
Bundesliga,2223,Leverkusen,Freiburg,2,3,2022-09-03,1.92,4.01,3.97,1.9,3.75,3.8
Bundesliga,2223,Stuttgart,Schalke 04,1,1,2022-09-03,1.79,4.18,4.4,1.75,4.0,4.33
Bundesliga,2223,Union Berlin,Bayern Munich,1,1,2022-09-03,7.55,5.74,1.39,7.0,5.25,1.36
Bundesliga,2223,Wolfsburg,FC Koln,2,4,2022-09-03,2.16,3.58,3.57,2.05,3.4,3.75
Bundesliga,2223,Ein Frankfurt,RB Leipzig,4,0,2022-09-03,3.68,3.78,2.06,3.5,3.75,2.0
Bundesliga,2223,Augsburg,Hertha,0,2,2022-09-04,2.59,3.4,2.94,2.45,3.3,2.87
Bundesliga,2223,M'gladbach,Mainz,0,1,2022-09-04,2.29,3.73,3.16,2.2,3.8,3.0
Bundesliga,2223,Werder Bremen,Augsburg,0,1,2022-09-09,1.56,4.71,5.9,1.53,4.5,5.5
Bundesliga,2223,Bayern Munich,Stuttgart,2,2,2022-09-10,1.17,8.98,16.13,1.14,8.0,17.0
Bundesliga,2223,Ein Frankfurt,Wolfsburg,0,1,2022-09-10,2.09,3.57,3.8,2.0,3.6,3.6
Bundesliga,2223,Hertha,Leverkusen,2,2,2022-09-10,3.76,4.11,1.94,3.6,4.0,1.9
Bundesliga,2223,Hoffenheim,Mainz,4,1,2022-09-10,2.36,3.58,3.14,2.25,3.75,2.9
Bundesliga,2223,RB Leipzig,Dortmund,3,0,2022-09-10,2.39,3.94,2.86,2.3,3.9,2.75
Bundesliga,2223,Schalke 04,Bochum,3,1,2022-09-10,2.07,3.69,3.73,2.0,3.8,3.5
Bundesliga,2223,FC Koln,Union Berlin,0,1,2022-09-11,2.54,3.53,2.89,2.37,3.4,2.9
Bundesliga,2223,Freiburg,M'gladbach,0,0,2022-09-11,2.07,3.8,3.62,2.0,3.6,3.5
Bundesliga,2223,Mainz,Hertha,1,1,2022-09-16,1.79,4.0,4.64,1.72,4.0,4.33
Bundesliga,2223,Augsburg,Bayern Munich,1,0,2022-09-17,14.69,9.0,1.18,17.0,8.0,1.16
Bundesliga,2223,Dortmund,Schalke 04,1,0,2022-09-17,1.41,5.61,7.33,1.36,5.0,8.0
Bundesliga,2223,Leverkusen,Werder Bremen,1,1,2022-09-17,1.67,4.6,4.83,1.61,4.33,5.0
Bundesliga,2223,Stuttgart,Ein Frankfurt,1,3,2022-09-17,2.37,3.64,3.08,2.25,3.5,3.1
Bundesliga,2223,M'gladbach,RB Leipzig,3,0,2022-09-17,3.16,3.67,2.31,3.0,3.6,2.25
Bundesliga,2223,Union Berlin,Wolfsburg,2,0,2022-09-18,2.07,3.43,4.02,1.95,3.5,3.8
Bundesliga,2223,Bochum,FC Koln,1,1,2022-09-18,3.09,3.75,2.31,3.1,3.6,2.2
Bundesliga,2223,Hoffenheim,Freiburg,0,0,2022-09-18,2.24,3.71,3.27,2.15,3.6,3.2
Bundesliga,2223,Bayern Munich,Leverkusen,4,0,2022-09-30,1.41,6.02,6.71,1.36,6.0,7.0
Bundesliga,2223,Ein Frankfurt,Union Berlin,2,0,2022-10-01,2.31,3.52,3.27,2.25,3.4,3.2
Bundesliga,2223,FC Koln,Dortmund,3,2,2022-10-01,3.36,3.93,2.12,3.1,4.0,2.05
Bundesliga,2223,Freiburg,Mainz,2,1,2022-10-01,2.13,3.66,3.57,2.1,3.6,3.4
Bundesliga,2223,RB Leipzig,Bochum,4,0,2022-10-01,1.25,7.21,11.05,1.22,6.5,12.0
Bundesliga,2223,Wolfsburg,Stuttgart,3,2,2022-10-01,2.41,3.53,3.08,2.4,3.4,2.9
Bundesliga,2223,Werder Bremen,M'gladbach,5,1,2022-10-01,2.62,3.84,2.63,2.5,3.9,2.5
Bundesliga,2223,Hertha,Hoffenheim,1,1,2022-10-02,2.88,3.81,2.42,2.75,3.75,2.37
Bundesliga,2223,Schalke 04,Augsburg,2,3,2022-10-02,1.99,3.75,3.95,1.95,3.8,3.6
Bundesliga,2223,Hoffenheim,Werder Bremen,1,2,2022-10-07,2.05,4.02,3.48,1.95,3.8,3.5
Bundesliga,2223,Augsburg,Wolfsburg,1,1,2022-10-08,3.04,3.43,2.49,2.9,3.4,2.4
Bundesliga,2223,Bochum,Ein Frankfurt,3,0,2022-10-08,4.01,4.01,1.91,3.75,3.8,1.9
Bundesliga,2223,Leverkusen,Schalke 04,4,0,2022-10-08,1.47,5.02,6.83,1.45,4.5,7.0
Bundesliga,2223,Mainz,RB Leipzig,1,1,2022-10-08,3.07,3.66,2.36,3.0,3.6,2.3
Bundesliga,2223,Dortmund,Bayern Munich,2,2,2022-10-08,4.53,4.88,1.67,4.33,4.75,1.65
Bundesliga,2223,M'gladbach,FC Koln,5,2,2022-10-09,2.02,4.05,3.57,1.95,3.75,3.6
Bundesliga,2223,Hertha,Freiburg,2,2,2022-10-09,3.18,3.41,2.41,3.0,3.5,2.3
Bundesliga,2223,Stuttgart,Union Berlin,0,1,2022-10-09,2.65,3.25,2.97,2.55,3.1,2.9
Bundesliga,2223,Schalke 04,Hoffenheim,0,3,2022-10-14,3.72,3.87,2.02,3.6,3.8,1.95
Bundesliga,2223,Ein Frankfurt,Leverkusen,5,1,2022-10-15,2.84,3.62,2.54,2.75,3.6,2.45
Bundesliga,2223,Stuttgart,Bochum,4,1,2022-10-15,1.68,4.03,5.5,1.65,4.0,5.25
Bundesliga,2223,Werder Bremen,Mainz,0,2,2022-10-15,2.38,3.68,3.02,2.37,3.6,2.87
Bundesliga,2223,Wolfsburg,M'gladbach,2,2,2022-10-15,2.69,3.66,2.65,2.62,3.5,2.6
Bundesliga,2223,RB Leipzig,Hertha,3,2,2022-10-15,1.43,5.03,7.84,1.4,5.0,7.0
Bundesliga,2223,FC Koln,Augsburg,3,2,2022-10-16,1.71,4.27,4.84,1.66,4.0,5.0
Bundesliga,2223,Union Berlin,Dortmund,2,0,2022-10-16,3.06,3.51,2.44,2.9,3.5,2.37
Bundesliga,2223,Bayern Munich,Freiburg,5,0,2022-10-16,1.29,6.13,10.79,1.25,6.5,9.0
Bundesliga,2223,Mainz,FC Koln,5,0,2022-10-21,2.19,3.59,3.47,2.15,3.5,3.25
Bundesliga,2223,Augsburg,RB Leipzig,3,3,2022-10-22,5.75,4.4,1.6,5.5,4.33,1.57
Bundesliga,2223,Dortmund,Stuttgart,5,0,2022-10-22,1.57,4.44,6.06,1.53,4.75,5.5
Bundesliga,2223,Freiburg,Werder Bremen,2,0,2022-10-22,1.94,3.86,4.0,1.9,3.75,3.8
Bundesliga,2223,Hoffenheim,Bayern Munich,0,2,2022-10-22,5.89,4.97,1.53,5.5,5.0,1.5
Bundesliga,2223,Leverkusen,Wolfsburg,2,2,2022-10-22,1.74,4.31,4.6,1.7,4.2,4.5
Bundesliga,2223,M'gladbach,Ein Frankfurt,1,3,2022-10-22,2.42,3.77,2.9,2.3,3.75,2.87
Bundesliga,2223,Bochum,Union Berlin,2,1,2022-10-23,4.48,3.48,1.95,4.33,3.4,1.9
Bundesliga,2223,Hertha,Schalke 04,2,1,2022-10-23,1.78,3.99,4.71,1.75,3.75,4.75
Bundesliga,2223,Werder Bremen,Hertha,1,0,2022-10-28,2.06,3.99,3.49,2.0,3.8,3.4
Bundesliga,2223,Bayern Munich,Mainz,6,2,2022-10-29,1.27,6.7,10.23,1.25,6.5,11.0
Bundesliga,2223,RB Leipzig,Leverkusen,2,0,2022-10-29,1.83,4.12,4.27,1.8,4.0,4.1
Bundesliga,2223,Stuttgart,Augsburg,2,1,2022-10-29,1.81,3.98,4.51,1.8,3.8,4.33
Bundesliga,2223,Wolfsburg,Bochum,4,0,2022-10-29,1.72,4.24,4.85,1.65,4.2,4.75
Bundesliga,2223,Ein Frankfurt,Dortmund,1,2,2022-10-29,2.88,3.7,2.47,2.75,3.75,2.4
Bundesliga,2223,Union Berlin,M'gladbach,2,1,2022-10-30,2.06,3.53,3.95,2.05,3.4,3.8
Bundesliga,2223,Schalke 04,Freiburg,0,2,2022-10-30,4.13,3.75,1.94,4.0,3.75,1.9
Bundesliga,2223,FC Koln,Hoffenheim,1,1,2022-10-30,3.06,3.66,2.37,2.9,3.5,2.37
Bundesliga,2223,M'gladbach,Stuttgart,3,1,2022-11-04,2.26,3.81,3.16,2.15,3.75,3.1
Bundesliga,2223,Augsburg,Ein Frankfurt,1,2,2022-11-05,4.52,4.16,1.78,4.33,4.0,1.72
Bundesliga,2223,Dortmund,Bochum,3,0,2022-11-05,1.25,6.51,12.47,1.22,7.0,11.0
Bundesliga,2223,Hertha,Bayern Munich,2,3,2022-11-05,11.21,6.52,1.27,10.0,6.5,1.25
Bundesliga,2223,Hoffenheim,RB Leipzig,1,3,2022-11-05,3.06,3.75,2.33,2.9,3.75,2.25
Bundesliga,2223,Mainz,Wolfsburg,0,3,2022-11-05,2.07,3.68,3.72,2.0,3.75,3.5
Bundesliga,2223,Werder Bremen,Schalke 04,2,1,2022-11-05,1.66,4.42,5.11,1.65,4.33,4.5
Bundesliga,2223,Leverkusen,Union Berlin,5,0,2022-11-06,2.2,3.48,3.57,2.15,3.4,3.4
Bundesliga,2223,Freiburg,FC Koln,2,0,2022-11-06,1.72,4.06,5.1,1.7,4.0,4.75
Bundesliga,2223,Wolfsburg,Dortmund,2,0,2022-11-08,3.17,3.64,2.32,3.1,3.6,2.2
Bundesliga,2223,Bayern Munich,Werder Bremen,6,1,2022-11-08,1.16,8.84,17.46,1.14,9.5,15.0
Bundesliga,2223,Bochum,M'gladbach,2,1,2022-11-08,3.28,3.64,2.26,3.2,3.5,2.25
Bundesliga,2223,Stuttgart,Hertha,2,1,2022-11-08,1.97,3.76,3.99,1.95,3.8,3.75
Bundesliga,2223,FC Koln,Leverkusen,1,2,2022-11-09,3.21,3.6,2.31,3.0,3.75,2.2
Bundesliga,2223,Ein Frankfurt,Hoffenheim,4,2,2022-11-09,1.96,3.84,3.95,1.9,3.8,3.75
Bundesliga,2223,RB Leipzig,Freiburg,3,1,2022-11-09,1.8,4.2,4.36,1.72,4.0,4.5
Bundesliga,2223,Schalke 04,Mainz,1,0,2022-11-09,3.52,3.77,2.11,3.4,3.75,2.05
Bundesliga,2223,Union Berlin,Augsburg,2,2,2022-11-09,1.57,4.21,6.65,1.55,4.2,6.0
Bundesliga,2223,M'gladbach,Dortmund,4,2,2022-11-11,3.33,3.9,2.15,3.2,4.0,2.15
Bundesliga,2223,Augsburg,Bochum,0,1,2022-11-12,2.23,3.62,3.36,2.2,3.5,3.2
Bundesliga,2223,Hertha,FC Koln,2,0,2022-11-12,2.3,3.68,3.17,2.2,3.6,3.1
Bundesliga,2223,Hoffenheim,Wolfsburg,1,2,2022-11-12,2.28,3.77,3.14,2.25,3.75,3.1
Bundesliga,2223,Leverkusen,Stuttgart,2,0,2022-11-12,1.73,4.21,4.78,1.72,4.2,4.33
Bundesliga,2223,Werder Bremen,RB Leipzig,1,2,2022-11-12,3.7,4.12,1.96,3.6,4.0,1.9
Bundesliga,2223,Schalke 04,Bayern Munich,0,2,2022-11-12,17.47,8.34,1.17,15.0,7.5,1.16
Bundesliga,2223,Mainz,Ein Frankfurt,1,1,2022-11-13,2.84,3.76,2.47,2.75,3.5,2.45
Bundesliga,2223,Freiburg,Union Berlin,4,1,2022-11-13,2.06,3.32,4.25,2.0,3.3,4.0
Bundesliga,2223,RB Leipzig,Bayern Munich,1,1,2023-01-20,3.93,4.24,1.88,3.6,4.33,1.85
Bundesliga,2223,Bochum,Hertha,3,1,2023-01-21,2.44,3.61,2.98,2.38,3.5,2.9
Bundesliga,2223,Ein Frankfurt,Schalke 04,3,0,2023-01-21,1.4,5.34,8.09,1.36,5.0,8.5
Bundesliga,2223,Stuttgart,Mainz,1,1,2023-01-21,2.44,3.54,3.03,2.4,3.5,2.88
Bundesliga,2223,Union Berlin,Hoffenheim,3,1,2023-01-21,2.29,3.45,3.38,2.25,3.4,3.2
Bundesliga,2223,Wolfsburg,Freiburg,6,0,2023-01-21,2.58,3.49,2.87,2.55,3.4,2.75
Bundesliga,2223,FC Koln,Werder Bremen,7,1,2023-01-21,2.25,3.89,3.11,2.25,3.8,2.9
Bundesliga,2223,Dortmund,Augsburg,4,3,2023-01-22,1.35,5.88,8.74,1.3,6.0,8.0
Bundesliga,2223,M'gladbach,Leverkusen,2,3,2023-01-22,2.76,4.05,2.42,2.63,3.8,2.45
Bundesliga,2223,Schalke 04,RB Leipzig,1,6,2023-01-24,5.91,4.41,1.59,5.75,4.33,1.53
Bundesliga,2223,Bayern Munich,FC Koln,1,1,2023-01-24,1.23,7.6,12.0,1.2,7.5,12.0
Bundesliga,2223,Hertha,Wolfsburg,0,5,2023-01-24,3.12,3.53,2.39,3.0,3.4,2.3
Bundesliga,2223,Hoffenheim,Stuttgart,2,2,2023-01-24,2.19,3.63,3.44,2.1,3.5,3.4
Bundesliga,2223,Mainz,Dortmund,1,2,2023-01-25,3.0,3.72,2.38,2.9,3.6,2.3
Bundesliga,2223,Augsburg,M'gladbach,1,0,2023-01-25,3.14,3.65,2.33,3.0,3.6,2.25
Bundesliga,2223,Freiburg,Ein Frankfurt,1,1,2023-01-25,2.58,3.57,2.82,2.5,3.5,2.7
Bundesliga,2223,Leverkusen,Bochum,2,0,2023-01-25,1.45,4.98,7.28,1.4,5.25,6.5
Bundesliga,2223,Werder Bremen,Union Berlin,1,2,2023-01-25,2.94,3.33,2.62,2.8,3.2,2.63
Bundesliga,2223,RB Leipzig,Stuttgart,2,1,2023-01-27,1.38,5.27,9.19,1.33,5.0,9.0
Bundesliga,2223,Freiburg,Augsburg,3,1,2023-01-28,1.52,4.65,6.55,1.5,4.5,6.25
Bundesliga,2223,Hertha,Union Berlin,0,2,2023-01-28,3.76,3.37,2.18,3.5,3.25,2.2
Bundesliga,2223,Hoffenheim,M'gladbach,1,4,2023-01-28,2.11,3.99,3.37,2.0,3.9,3.4
Bundesliga,2223,Mainz,Bochum,5,2,2023-01-28,1.74,4.06,4.96,1.7,4.0,4.75
Bundesliga,2223,Werder Bremen,Wolfsburg,2,1,2023-01-28,3.41,3.75,2.16,3.2,3.6,2.15
Bundesliga,2223,Bayern Munich,Ein Frankfurt,1,1,2023-01-28,1.35,6.36,7.74,1.33,6.0,7.5
Bundesliga,2223,Schalke 04,FC Koln,0,0,2023-01-29,3.81,3.75,2.02,3.8,3.6,1.95
Bundesliga,2223,Leverkusen,Dortmund,0,2,2023-01-29,2.5,3.89,2.74,2.45,3.8,2.63
Bundesliga,2223,Augsburg,Leverkusen,1,0,2023-02-03,4.25,3.97,1.86,4.0,3.8,1.85
Bundesliga,2223,Bochum,Hoffenheim,5,2,2023-02-04,2.8,3.64,2.56,2.75,3.5,2.5
Bundesliga,2223,Dortmund,Freiburg,5,1,2023-02-04,1.71,4.18,4.99,1.67,4.0,5.0
Bundesliga,2223,Ein Frankfurt,Hertha,3,0,2023-02-04,1.51,4.63,6.77,1.45,4.5,6.5
Bundesliga,2223,FC Koln,RB Leipzig,0,0,2023-02-04,4.11,3.79,1.93,4.2,3.6,1.91
Bundesliga,2223,Union Berlin,Mainz,2,1,2023-02-04,1.99,3.42,4.36,1.95,3.5,4.0
Bundesliga,2223,M'gladbach,Schalke 04,0,0,2023-02-04,1.56,4.73,5.78,1.53,4.5,5.75
Bundesliga,2223,Stuttgart,Werder Bremen,0,2,2023-02-05,2.09,3.77,3.57,2.0,3.6,3.6
Bundesliga,2223,Wolfsburg,Bayern Munich,2,4,2023-02-05,5.28,4.64,1.61,5.25,4.5,1.57
Bundesliga,2223,Schalke 04,Wolfsburg,0,0,2023-02-10,3.92,3.78,1.99,3.6,3.8,1.95
Bundesliga,2223,Bayern Munich,Bochum,3,0,2023-02-11,1.15,9.98,16.58,1.11,10.0,17.0
Bundesliga,2223,Freiburg,Stuttgart,2,1,2023-02-11,1.88,3.74,4.45,1.8,3.8,4.33
Bundesliga,2223,Hoffenheim,Leverkusen,1,3,2023-02-11,2.98,3.75,2.38,2.88,3.6,2.38
Bundesliga,2223,Mainz,Augsburg,3,1,2023-02-11,1.87,3.9,4.3,1.8,4.0,4.2
Bundesliga,2223,Werder Bremen,Dortmund,0,2,2023-02-11,4.06,4.37,1.83,4.0,4.0,1.8
Bundesliga,2223,RB Leipzig,Union Berlin,1,2,2023-02-11,1.75,3.76,5.31,1.7,3.75,5.0
Bundesliga,2223,Hertha,M'gladbach,4,1,2023-02-12,2.9,3.68,2.47,2.88,3.5,2.4
Bundesliga,2223,FC Koln,Ein Frankfurt,3,0,2023-02-12,2.71,3.66,2.63,2.7,3.5,2.5
Bundesliga,2223,Augsburg,Hoffenheim,1,0,2023-02-17,2.73,3.65,2.62,2.7,3.5,2.6
Bundesliga,2223,Bochum,Freiburg,0,2,2023-02-18,3.15,3.56,2.36,3.1,3.5,2.25
Bundesliga,2223,M'gladbach,Bayern Munich,3,2,2023-02-18,7.11,5.81,1.4,7.0,5.75,1.36
Bundesliga,2223,Stuttgart,FC Koln,3,0,2023-02-18,2.48,3.53,2.97,2.45,3.4,2.88
Bundesliga,2223,Wolfsburg,RB Leipzig,0,3,2023-02-18,3.34,3.68,2.22,3.3,3.6,2.15
Bundesliga,2223,Ein Frankfurt,Werder Bremen,2,0,2023-02-18,1.63,4.46,5.31,1.62,4.2,5.25
Bundesliga,2223,Union Berlin,Schalke 04,0,0,2023-02-19,1.61,3.97,6.65,1.6,3.8,6.0
Bundesliga,2223,Dortmund,Hertha,4,1,2023-02-19,1.36,5.89,8.41,1.33,5.5,8.5
Bundesliga,2223,Leverkusen,Mainz,2,3,2023-02-19,1.85,4.0,4.27,1.8,3.8,4.2
Bundesliga,2223,Mainz,M'gladbach,4,0,2023-02-24,2.19,3.68,3.4,2.15,3.6,3.2
Bundesliga,2223,FC Koln,Wolfsburg,0,2,2023-02-25,2.4,3.6,3.06,2.3,3.5,3.0
Bundesliga,2223,Hertha,Augsburg,2,0,2023-02-25,2.16,3.73,3.43,2.1,3.6,3.25
Bundesliga,2223,Hoffenheim,Dortmund,0,1,2023-02-25,4.27,4.39,1.78,4.0,4.2,1.75
Bundesliga,2223,RB Leipzig,Ein Frankfurt,2,1,2023-02-25,1.73,4.25,4.74,1.7,4.0,4.6
Bundesliga,2223,Werder Bremen,Bochum,3,0,2023-02-25,2.04,3.78,3.72,2.0,3.8,3.6
Bundesliga,2223,Schalke 04,Stuttgart,2,1,2023-02-25,3.05,3.46,2.47,3.0,3.4,2.45
Bundesliga,2223,Freiburg,Leverkusen,1,1,2023-02-26,2.24,3.66,3.3,2.15,3.5,3.25
Bundesliga,2223,Bayern Munich,Union Berlin,3,0,2023-02-26,1.34,5.68,9.74,1.33,5.25,9.0
Bundesliga,2223,Dortmund,RB Leipzig,2,1,2023-03-03,2.23,3.71,3.23,2.2,3.5,3.2
Bundesliga,2223,Augsburg,Werder Bremen,2,1,2023-03-04,2.37,3.61,3.04,2.3,3.5,3.0
Bundesliga,2223,Bochum,Schalke 04,0,2,2023-03-04,2.44,3.48,3.03,2.3,3.4,3.1
Bundesliga,2223,Mainz,Hoffenheim,1,0,2023-03-04,1.93,3.85,3.97,1.91,3.6,4.0
Bundesliga,2223,M'gladbach,Freiburg,0,0,2023-03-04,2.52,3.57,2.86,2.4,3.6,2.8
Bundesliga,2223,Union Berlin,FC Koln,0,0,2023-03-04,1.93,3.45,4.56,1.91,3.4,4.33
Bundesliga,2223,Stuttgart,Bayern Munich,1,2,2023-03-04,6.29,5.0,1.49,7.0,5.25,1.4
Bundesliga,2223,Leverkusen,Hertha,4,1,2023-03-05,1.58,4.36,5.95,1.53,4.2,6.0
Bundesliga,2223,Wolfsburg,Ein Frankfurt,2,2,2023-03-05,2.49,3.57,2.9,2.45,3.5,2.8
Bundesliga,2223,FC Koln,Bochum,0,2,2023-03-10,1.78,3.87,4.92,1.73,3.75,4.75
Bundesliga,2223,Bayern Munich,Augsburg,5,3,2023-03-11,1.14,10.07,16.64,1.13,9.0,19.0
Bundesliga,2223,Ein Frankfurt,Stuttgart,1,1,2023-03-11,1.86,3.88,4.26,1.8,4.0,4.2
Bundesliga,2223,Hertha,Mainz,1,1,2023-03-11,2.97,3.5,2.47,2.9,3.4,2.45
Bundesliga,2223,RB Leipzig,M'gladbach,3,0,2023-03-11,1.43,5.16,7.18,1.4,5.0,7.0
Bundesliga,2223,Schalke 04,Dortmund,2,2,2023-03-11,4.56,4.21,1.74,4.5,4.0,1.73
Bundesliga,2223,Freiburg,Hoffenheim,2,1,2023-03-12,1.93,3.71,4.1,1.91,3.6,4.0
Bundesliga,2223,Werder Bremen,Leverkusen,2,3,2023-03-12,3.32,3.82,2.15,3.3,3.75,2.1
Bundesliga,2223,Wolfsburg,Union Berlin,1,1,2023-03-12,2.28,3.22,3.59,2.25,3.25,3.3
Bundesliga,2223,M'gladbach,Werder Bremen,2,2,2023-03-17,1.83,4.02,4.39,1.8,4.0,4.2
Bundesliga,2223,Augsburg,Schalke 04,1,1,2023-03-18,2.38,3.45,3.14,2.3,3.4,3.1
Bundesliga,2223,Bochum,RB Leipzig,1,0,2023-03-18,5.93,4.45,1.57,5.5,4.33,1.55
Bundesliga,2223,Hoffenheim,Hertha,3,1,2023-03-18,2.13,3.62,3.54,2.05,3.5,3.5
Bundesliga,2223,Stuttgart,Wolfsburg,0,1,2023-03-18,2.46,3.47,3.0,2.38,3.4,2.9
Bundesliga,2223,Dortmund,FC Koln,6,1,2023-03-18,1.47,4.99,6.61,1.45,4.75,6.5
Bundesliga,2223,Union Berlin,Ein Frankfurt,2,0,2023-03-19,2.44,3.22,3.25,2.38,3.2,3.2
Bundesliga,2223,Leverkusen,Bayern Munich,2,1,2023-03-19,4.73,5.04,1.61,5.25,4.5,1.55
Bundesliga,2223,Mainz,Freiburg,1,1,2023-03-19,2.17,3.51,3.55,2.1,3.5,3.3
Bundesliga,2223,Ein Frankfurt,Bochum,1,1,2023-03-31,1.52,4.55,6.59,1.5,4.33,6.5
Bundesliga,2223,Freiburg,Hertha,1,1,2023-04-01,1.69,3.98,5.33,1.62,4.0,5.5
Bundesliga,2223,RB Leipzig,Mainz,0,3,2023-04-01,1.56,4.52,5.98,1.53,4.5,5.5
Bundesliga,2223,Schalke 04,Leverkusen,0,3,2023-04-01,4.1,3.73,1.93,3.8,3.75,1.91
Bundesliga,2223,Union Berlin,Stuttgart,3,0,2023-04-01,2.12,3.28,3.98,2.05,3.2,3.9
Bundesliga,2223,Wolfsburg,Augsburg,2,2,2023-04-01,1.63,4.31,5.36,1.62,4.0,5.5
Bundesliga,2223,Bayern Munich,Dortmund,4,2,2023-04-01,1.51,5.26,5.62,1.45,5.0,6.0
Bundesliga,2223,FC Koln,M'gladbach,0,0,2023-04-02,2.23,3.71,3.24,2.25,3.6,3.0
Bundesliga,2223,Werder Bremen,Hoffenheim,1,2,2023-04-02,2.37,3.74,2.95,2.3,3.5,3.0
Bundesliga,2223,Augsburg,FC Koln,1,3,2023-04-08,2.88,3.51,2.53,2.8,3.4,2.55
Bundesliga,2223,Dortmund,Union Berlin,2,1,2023-04-08,1.61,4.11,6.07,1.6,4.0,5.75
Bundesliga,2223,Freiburg,Bayern Munich,0,1,2023-04-08,6.54,5.11,1.46,6.5,5.0,1.45
Bundesliga,2223,Leverkusen,Ein Frankfurt,3,1,2023-04-08,1.85,4.08,4.1,1.8,4.0,4.0
Bundesliga,2223,Mainz,Werder Bremen,2,2,2023-04-08,1.74,4.1,4.73,1.7,4.0,4.75
Bundesliga,2223,Hertha,RB Leipzig,0,1,2023-04-08,5.48,4.23,1.63,5.5,4.0,1.62
Bundesliga,2223,M'gladbach,Wolfsburg,2,0,2023-04-09,2.43,3.72,2.88,2.38,3.6,2.88
Bundesliga,2223,Bochum,Stuttgart,2,3,2023-04-09,3.09,3.53,2.38,3.1,3.5,2.25
Bundesliga,2223,Hoffenheim,Schalke 04,2,0,2023-04-09,1.95,3.94,3.81,1.91,3.8,3.8
Bundesliga,2223,Schalke 04,Hertha,5,2,2023-04-14,2.38,3.31,3.28,2.25,3.3,3.2
Bundesliga,2223,Bayern Munich,Hoffenheim,1,1,2023-04-15,1.22,7.89,10.9,1.22,7.5,11.0
Bundesliga,2223,FC Koln,Mainz,1,1,2023-04-15,2.68,3.43,2.76,2.55,3.4,2.7
Bundesliga,2223,RB Leipzig,Augsburg,3,2,2023-04-15,1.26,6.63,10.84,1.25,6.5,10.0
Bundesliga,2223,Stuttgart,Dortmund,3,3,2023-04-15,3.53,3.96,2.03,3.5,3.8,1.95
Bundesliga,2223,Ein Frankfurt,M'gladbach,1,1,2023-04-15,1.77,4.25,4.37,1.73,4.2,4.33
Bundesliga,2223,Werder Bremen,Freiburg,1,2,2023-04-16,2.71,3.58,2.64,2.7,3.5,2.55
Bundesliga,2223,Union Berlin,Bochum,1,1,2023-04-16,1.62,3.94,6.28,1.6,3.8,6.0
Bundesliga,2223,Wolfsburg,Leverkusen,0,0,2023-04-16,2.82,3.78,2.45,2.75,3.6,2.4
Bundesliga,2223,Augsburg,Stuttgart,1,1,2023-04-21,3.39,3.76,2.17,3.2,3.6,2.15
Bundesliga,2223,Bochum,Wolfsburg,1,5,2023-04-22,3.07,3.65,2.34,3.0,3.5,2.3
Bundesliga,2223,Hertha,Werder Bremen,2,4,2023-04-22,2.31,3.58,3.16,2.25,3.5,3.1
Bundesliga,2223,Hoffenheim,FC Koln,1,3,2023-04-22,2.21,3.69,3.28,2.2,3.5,3.2
Bundesliga,2223,Mainz,Bayern Munich,3,1,2023-04-22,5.23,4.7,1.6,5.25,4.5,1.57
Bundesliga,2223,Dortmund,Ein Frankfurt,4,0,2023-04-22,1.62,4.67,5.03,1.62,4.5,4.75
Bundesliga,2223,Freiburg,Schalke 04,4,0,2023-04-23,1.81,3.7,4.84,1.8,3.75,4.5
Bundesliga,2223,Leverkusen,RB Leipzig,2,0,2023-04-23,2.55,3.74,2.72,2.5,3.6,2.63
Bundesliga,2223,M'gladbach,Union Berlin,0,1,2023-04-23,2.42,3.36,3.16,2.38,3.3,3.1
Bundesliga,2223,Bochum,Dortmund,1,1,2023-04-28,6.55,5.26,1.47,6.0,5.25,1.44
Bundesliga,2223,Ein Frankfurt,Augsburg,1,1,2023-04-29,1.57,4.6,5.63,1.53,4.5,5.5
Bundesliga,2223,FC Koln,Freiburg,0,1,2023-04-29,2.48,3.39,3.03,2.4,3.25,3.0
Bundesliga,2223,RB Leipzig,Hoffenheim,1,0,2023-04-29,1.44,5.2,6.89,1.44,5.0,6.5
Bundesliga,2223,Stuttgart,M'gladbach,2,1,2023-04-29,1.84,4.08,4.15,1.8,4.0,4.2
Bundesliga,2223,Union Berlin,Leverkusen,0,0,2023-04-29,2.91,3.39,2.58,2.8,3.4,2.45
Bundesliga,2223,Schalke 04,Werder Bremen,2,1,2023-04-29,2.28,3.65,3.18,2.25,3.5,3.1
Bundesliga,2223,Bayern Munich,Hertha,2,0,2023-04-30,1.12,10.61,20.33,1.11,10.0,19.0
Bundesliga,2223,Wolfsburg,Mainz,3,0,2023-04-30,2.35,3.48,3.17,2.2,3.5,3.1
Bundesliga,2223,Leverkusen,FC Koln,1,2,2023-05-05,1.7,4.14,4.99,1.67,4.0,5.0
Bundesliga,2223,Mainz,Schalke 04,2,3,2023-05-05,1.65,4.13,5.52,1.62,4.0,5.25
Bundesliga,2223,Augsburg,Union Berlin,1,0,2023-05-06,3.49,3.27,2.29,3.4,3.25,2.2
Bundesliga,2223,Freiburg,RB Leipzig,0,1,2023-05-06,4.05,3.69,1.95,4.0,3.75,1.85
Bundesliga,2223,Hertha,Stuttgart,2,1,2023-05-06,3.16,3.59,2.31,3.1,3.5,2.25
Bundesliga,2223,Hoffenheim,Ein Frankfurt,3,1,2023-05-06,2.37,3.69,2.99,2.3,3.6,2.9
Bundesliga,2223,M'gladbach,Bochum,2,0,2023-05-06,1.93,4.0,3.86,1.85,3.8,4.0
Bundesliga,2223,Werder Bremen,Bayern Munich,1,2,2023-05-06,7.8,6.23,1.33,8.5,6.0,1.3
Bundesliga,2223,Dortmund,Wolfsburg,6,0,2023-05-07,1.54,5.16,5.32,1.44,5.25,5.75
Bundesliga,2223,FC Koln,Hertha,5,2,2023-05-12,1.9,3.86,4.19,1.85,3.75,4.0
Bundesliga,2223,Bayern Munich,Schalke 04,6,0,2023-05-13,1.14,10.41,17.11,1.13,10.0,17.0
Bundesliga,2223,Bochum,Augsburg,3,2,2023-05-13,2.19,3.61,3.39,2.1,3.6,3.3
Bundesliga,2223,Ein Frankfurt,Mainz,3,0,2023-05-13,2.13,3.73,3.45,2.1,3.6,3.3
Bundesliga,2223,Union Berlin,Freiburg,4,2,2023-05-13,2.23,3.19,3.76,2.2,3.2,3.5
Bundesliga,2223,Wolfsburg,Hoffenheim,2,1,2023-05-13,1.93,4.02,3.8,1.91,3.75,3.8
Bundesliga,2223,Dortmund,M'gladbach,5,2,2023-05-13,1.26,7.21,9.54,1.25,6.5,10.0
Bundesliga,2223,Stuttgart,Leverkusen,1,1,2023-05-14,2.51,3.71,2.78,2.5,3.4,2.75
Bundesliga,2223,RB Leipzig,Werder Bremen,2,1,2023-05-14,1.26,6.76,10.27,1.25,6.5,10.0
Bundesliga,2223,Freiburg,Wolfsburg,2,0,2023-05-19,2.04,3.83,3.69,2.0,3.8,3.4
Bundesliga,2223,Hertha,Bochum,1,1,2023-05-20,2.26,3.81,3.1,2.2,3.6,3.1
Bundesliga,2223,Hoffenheim,Union Berlin,4,2,2023-05-20,2.56,3.54,2.82,2.5,3.4,2.8
Bundesliga,2223,Schalke 04,Ein Frankfurt,2,2,2023-05-20,2.97,3.86,2.31,3.0,3.6,2.25
Bundesliga,2223,Werder Bremen,FC Koln,1,1,2023-05-20,2.58,3.88,2.62,2.6,3.6,2.55
Bundesliga,2223,Bayern Munich,RB Leipzig,1,3,2023-05-20,1.52,5.17,5.49,1.5,5.0,5.5
Bundesliga,2223,Mainz,Stuttgart,1,4,2023-05-21,2.58,3.66,2.72,2.5,3.5,2.7
Bundesliga,2223,Augsburg,Dortmund,0,3,2023-05-21,6.52,5.7,1.42,7.0,5.5,1.36
Bundesliga,2223,Leverkusen,M'gladbach,2,2,2023-05-21,1.49,5.24,5.97,1.45,5.25,5.75
Bundesliga,2223,Bochum,Leverkusen,3,0,2023-05-27,3.31,4.22,2.02,3.25,4.0,2.0
Bundesliga,2223,Dortmund,Mainz,2,2,2023-05-27,1.15,9.75,14.9,1.14,8.5,15.0
Bundesliga,2223,Ein Frankfurt,Freiburg,2,1,2023-05-27,2.41,3.91,2.76,2.4,3.75,2.7
Bundesliga,2223,FC Koln,Bayern Munich,1,2,2023-05-27,7.82,6.29,1.32,7.5,6.0,1.3
Bundesliga,2223,M'gladbach,Augsburg,2,0,2023-05-27,2.19,3.83,3.16,2.2,3.8,3.0
Bundesliga,2223,RB Leipzig,Schalke 04,4,2,2023-05-27,1.63,4.74,4.7,1.6,4.5,4.75
Bundesliga,2223,Stuttgart,Hoffenheim,1,1,2023-05-27,1.61,4.68,4.92,1.57,4.75,5.0
Bundesliga,2223,Union Berlin,Werder Bremen,1,0,2023-05-27,1.43,4.82,7.44,1.44,4.75,7.0
Bundesliga,2223,Wolfsburg,Hertha,1,2,2023-05-27,1.33,6.05,8.12,1.36,5.25,8.0
