prediction_id,timestamp,league,market,team_home,team_away,odds_at_pick,implied_prob,raw_prob_model,calibrated_prob_model,calibrator_fitted,confidence_dados,estabilidade_odd,contexto_jogo,edge_score,kelly_fraction,kelly_stake,bank_used,recomendacao_acao,gate_reason,outcome,closing_odds
72a7c414-02ac-46b3-9721-249899d80a67,2026-04-01T21:00:00.962903+00:00,Premier League,1x2_casa,Arsenal,Chelsea,1.92,0.5208,0.6143,0.6143,False,85.0,80.0,75.0,88.5,0.0488,30.0,1000.0,BET,Confiança e EV dentro do mínimo operacional,,
1f717a07-f19e-4080-9742-96247b2691d3,2026-04-01T21:00:00.964292+00:00,Premier League,1x2_casa,Arsenal,Chelsea,1.2,0.0,0.6143,0.6143,False,85.0,80.0,75.0,0.0,0.0,0.0,1000.0,AVOID,ev_nao_positivo|edge_score_fraco,,
947c91ba-a0b9-4f14-8f0f-a1b024fafbb7,2026-04-01T21:00:00.965558+00:00,Premier League,1x2_casa,Arsenal,Chelsea,1.92,0.5208,0.6143,0.6143,False,85.0,80.0,75.0,88.5,0.0488,30.0,1000.0,BET,Confiança e EV dentro do mínimo operacional,,
f1650521-731e-4596-a665-5c81249fff31,2026-04-01T21:00:00.966639+00:00,Premier League,1x2_casa,Arsenal,Chelsea,1.92,0.5208,0.6143,0.6143,False,85.0,80.0,75.0,88.5,0.0488,30.0,1000.0,BET,Confiança e EV dentro do mínimo operacional,,
8d69ce48-8390-48f8-8cde-347a8781406e,2026-04-01T21:01:36.629976+00:00,Premier League,1x2_casa,Arsenal,Chelsea,1.92,0.5208,0.6143,0.6143,False,85.0,80.0,75.0,88.5,0.0488,30.0,1000.0,BET,Confiança e EV dentro do mínimo operacional,,
8f34c4cd-df59-4123-8385-c81d55547e8b,2026-04-01T21:01:36.631070+00:00,Premier League,1x2_casa,Arsenal,Chelsea,1.2,0.0,0.6143,0.6143,False,85.0,80.0,75.0,0.0,0.0,0.0,1000.0,AVOID,ev_nao_positivo|edge_score_fraco,,
0324e410-e78f-469a-a641-05095e1dcd26,2026-04-01T21:01:36.631943+00:00,Premier League,1x2_casa,Arsenal,Chelsea,1.92,0.5208,0.6143,0.6143,False,85.0,80.0,75.0,88.5,0.0488,30.0,1000.0,BET,Confiança e EV dentro do mínimo operacional,,
54adea10-0559-44d3-a0ba-9aae24a37963,2026-04-01T21:01:36.632665+00:00,Premier League,1x2_casa,Arsenal,Chelsea,1.92,0.5208,0.6143,0.6143,False,85.0,80.0,75.0,88.5,0.0488,30.0,1000.0,BET,Confiança e EV dentro do mínimo operacional,,
03a3fdbe-0d8f-49c8-a567-356541808dce,2026-04-01T21:17:55.781969+00:00,Premier League,1x2_casa,Arsenal,Chelsea,1.92,0.5208,0.6143,0.6143,False,85.0,80.0,75.0,88.5,0.0488,30.0,1000.0,BET,Confiança e EV dentro do mínimo operacional,,
c026254a-0427-4895-9903-4ddda2069db5,2026-04-01T21:17:55.783052+00:00,Premier League,1x2_casa,Arsenal,Chelsea,1.2,0.0,0.6143,0.6143,False,85.0,80.0,75.0,0.0,0.0,0.0,1000.0,AVOID,ev_nao_positivo|edge_score_fraco,,
7ca3ca6d-3e06-4c21-853c-ee21952f7b25,2026-04-01T21:17:55.783995+00:00,Premier League,1x2_casa,Arsenal,Chelsea,1.92,0.5208,0.6143,0.6143,False,85.0,80.0,75.0,88.5,0.0488,30.0,1000.0,BET,Confiança e EV dentro do mínimo operacional,,
862c1035-0787-44ed-a9c0-8a4707debe8a,2026-04-01T21:17:55.784714+00:00,Premier League,1x2_casa,Arsenal,Chelsea,1.92,0.5208,0.6143,0.6143,False,85.0,80.0,75.0,88.5,0.0488,30.0,1000.0,BET,Confiança e EV dentro do mínimo operacional,,
907365c5-5e1d-4a3d-8f7d-7b8d7ccd69ee,2026-04-01T21:23:18.820486+00:00,Premier League,1x2_casa,Arsenal,Chelsea,1.92,0.5208,0.6143,0.6143,False,85.0,80.0,75.0,88.5,0.0488,30.0,1000.0,BET,Confiança e EV dentro do mínimo operacional,,
a12fbb81-c755-42f2-96ee-9d9bab02b0ce,2026-04-01T21:23:18.821662+00:00,Premier League,1x2_casa,Arsenal,Chelsea,1.2,0.0,0.6143,0.6143,False,85.0,80.0,75.0,0.0,0.0,0.0,1000.0,AVOID,ev_nao_positivo|edge_score_fraco,,
1103fd8a-bf1b-493f-8c8f-3ac18b38ed93,2026-04-01T21:23:18.822589+00:00,Premier League,1x2_casa,Arsenal,Chelsea,1.92,0.5208,0.6143,0.6143,False,85.0,80.0,75.0,88.5,0.0488,30.0,1000.0,BET,Confiança e EV dentro do mínimo operacional,,
068f5452-3b80-4788-9586-18b7e7e631b4,2026-04-01T21:23:18.823343+00:00,Premier League,1x2_casa,Arsenal,Chelsea,1.92,0.5208,0.6143,0.6143,False,85.0,80.0,75.0,88.5,0.0488,30.0,1000.0,BET,Confiança e EV dentro do mínimo operacional,,
460649db-ee19-4bef-8f53-1c55c17e6f8f,2026-04-01T21:24:28.977348+00:00,Premier League,1x2_casa,Arsenal,Chelsea,1.92,0.5208,0.6143,0.6143,False,85.0,80.0,75.0,88.5,0.0488,30.0,1000.0,BET,Confiança e EV dentro do mínimo operacional,,
aadeb6f3-3719-4e21-99f1-d86eab45b02c,2026-04-01T21:24:28.978976+00:00,Premier League,1x2_casa,Arsenal,Chelsea,1.2,0.0,0.6143,0.6143,False,85.0,80.0,75.0,0.0,0.0,0.0,1000.0,AVOID,ev_nao_positivo|edge_score_fraco,,
9a62e7ac-2f4c-420b-a0df-4533f4bfbf1c,2026-04-01T21:24:28.980143+00:00,Premier League,1x2_casa,Arsenal,Chelsea,1.92,0.5208,0.6143,0.6143,False,85.0,80.0,75.0,88.5,0.0488,30.0,1000.0,BET,Confiança e EV dentro do mínimo operacional,,
b1284b3d-46c7-452a-a5ed-f3ed72ebd07b,2026-04-01T21:24:28.980893+00:00,Premier League,1x2_casa,Arsenal,Chelsea,1.92,0.5208,0.6143,0.6143,False,85.0,80.0,75.0,88.5,0.0488,30.0,1000.0,BET,Confiança e EV dentro do mínimo operacional,,
a0246a51-cd99-4161-8fde-7f13b528c362,2026-04-01T21:30:56.724580+00:00,Brazil Série A,1x2_casa,Botafogo,Mirassol,2.3,0.4348,0.4905,0.4905,False,50.0,80.0,70.0,79.0,0.0246,20.0,1000.0,AVOID,confianca_abaixo_cutoff,,
13107342-9c29-4f6b-92d4-ace365291323,2026-04-01T21:30:57.324607+00:00,Brazil Série A,1x2_fora,Botafogo,Mirassol,3.4,0.0,0.2161,0.2161,False,50.0,80.0,70.0,0.0,0.0,0.0,1000.0,AVOID,confianca_abaixo_cutoff|ev_nao_positivo|edge_score_fraco,,
2287d0c6-f82b-4c2d-84bf-8cc6e5980a40,2026-04-01T21:30:57.334023+00:00,Brazil Série A,over_2.5,Botafogo,Mirassol,2.14,0.0,0.4172,0.4172,False,50.0,80.0,70.0,0.0,0.0,0.0,1000.0,AVOID,confianca_abaixo_cutoff|ev_nao_positivo|edge_score_fraco,,
d5fa24a5-ce37-4171-9a7a-9751d32a8f47,2026-04-01T21:30:57.343634+00:00,Brazil Série A,under_2.5,Botafogo,Mirassol,2.05,0.4878,0.5828,0.5828,False,50.0,80.0,70.0,79.0,0.0464,20.0,1000.0,AVOID,confianca_abaixo_cutoff,,
0ff61147-1289-4125-993f-b5cea724a363,2026-04-01T21:30:57.365063+00:00,Brazil Série A,1x2_casa,Internacional,Sao Paulo,2.34,0.4274,0.468,0.468,False,50.0,80.0,70.0,70.7,0.0177,20.0,1000.0,AVOID,confianca_abaixo_cutoff,,
3ee485b0-759d-4476-bc99-98925d6c9516,2026-04-01T21:30:57.921855+00:00,Brazil Série A,1x2_fora,Internacional,Sao Paulo,3.6,0.0,0.2388,0.2388,False,50.0,80.0,70.0,0.0,0.0,0.0,1000.0,AVOID,confianca_abaixo_cutoff|ev_nao_positivo|edge_score_fraco,,
f0b9fb55-000e-4e2a-9c72-291a262268df,2026-04-01T21:30:57.933728+00:00,Brazil Série A,over_2.5,Internacional,Sao Paulo,2.14,0.0,0.4355,0.4355,False,50.0,80.0,70.0,0.0,0.0,0.0,1000.0,AVOID,confianca_abaixo_cutoff|ev_nao_positivo|edge_score_fraco,,
635c0820-1948-4800-9d23-6e6f55be3b8a,2026-04-01T21:30:57.944728+00:00,Brazil Série A,under_2.5,Internacional,Sao Paulo,2.09,0.4785,0.5645,0.5645,False,50.0,80.0,70.0,79.0,0.0412,20.0,1000.0,AVOID,confianca_abaixo_cutoff,,
611aaed3-9216-42bc-b2b4-af3b09c52643,2026-04-01T21:30:57.963725+00:00,Brazil Série A,1x2_casa,Bahia,Atletico Paranaense,1.94,0.0,0.4722,0.4722,False,50.0,80.0,70.0,0.0,0.0,0.0,1000.0,AVOID,confianca_abaixo_cutoff|ev_nao_positivo|edge_score_fraco,,
e4e3f28f-af09-4e64-9767-ab898bee22ab,2026-04-01T21:30:57.973209+00:00,Brazil Série A,1x2_fora,Bahia,Atletico Paranaense,4.6,0.0,0.2155,0.2155,False,50.0,80.0,70.0,0.0,0.0,0.0,1000.0,AVOID,confianca_abaixo_cutoff|ev_nao_positivo|edge_score_fraco,,
107ec62e-908c-4915-860a-0458511395ee,2026-04-01T21:30:57.983209+00:00,Brazil Série A,over_2.5,Bahia,Atletico Paranaense,2.14,0.0,0.3585,0.3585,False,50.0,80.0,70.0,0.0,0.0,0.0,1000.0,AVOID,confianca_abaixo_cutoff|ev_nao_positivo|edge_score_fraco,,
6082f9c1-bbdf-4470-a55c-e94af5309868,2026-04-01T21:30:57.992666+00:00,Brazil Série A,under_2.5,Bahia,Atletico Paranaense,2.04,0.4902,0.6415,0.6415,False,50.0,80.0,70.0,79.0,0.05,20.0,1000.0,AVOID,confianca_abaixo_cutoff,,
8762698b-57c4-4088-a564-9d215556fa3b,2026-04-01T21:30:58.545309+00:00,Brazil Série A,1x2_casa,Cruzeiro,Vitoria,1.59,0.0,0.4818,0.4818,False,50.0,80.0,70.0,0.0,0.0,0.0,1000.0,AVOID,confianca_abaixo_cutoff|ev_nao_positivo|edge_score_fraco,,
8e0a7caa-60f0-47df-ab75-b007c48c756c,2026-04-01T21:30:58.554943+00:00,Brazil Série A,1x2_fora,Cruzeiro,Vitoria,7.4,0.1351,0.2342,0.2342,False,50.0,80.0,70.0,79.0,0.0286,20.0,1000.0,AVOID,confianca_abaixo_cutoff,,
89b2028c-6c54-4f65-a0e7-d2f92762d086,2026-04-01T21:30:59.170338+00:00,Brazil Série A,over_2.5,Cruzeiro,Vitoria,2.08,0.0,0.4639,0.4639,False,50.0,80.0,70.0,0.0,0.0,0.0,1000.0,AVOID,confianca_abaixo_cutoff|ev_nao_positivo|edge_score_fraco,,
7c6cf1e4-1f1d-477b-8c8b-6933277f4779,2026-04-01T21:30:59.180703+00:00,Brazil Série A,under_2.5,Cruzeiro,Vitoria,1.9,0.0,0.5361,0.5361,False,50.0,80.0,70.0,0.0,0.0,0.0,1000.0,AVOID,confianca_abaixo_cutoff|edge_score_fraco,,
c337550f-258f-403f-bd38-cd2e9c0fab02,2026-04-01T21:30:59.196693+00:00,Brazil Série A,1x2_casa,Coritiba,Vasco da Gama,2.72,0.3676,0.5045,0.5045,False,50.0,80.0,70.0,79.0,0.05,20.0,1000.0,AVOID,confianca_abaixo_cutoff,,
8876caf9-91e9-4fd5-8085-eaec33dae39c,2026-04-01T21:30:59.757172+00:00,Brazil Série A,1x2_fora,Coritiba,Vasco da Gama,3.05,0.0,0.2177,0.2177,False,50.0,80.0,70.0,0.0,0.0,0.0,1000.0,AVOID,confianca_abaixo_cutoff|ev_nao_positivo|edge_score_fraco,,
a8514104-75c3-4ccb-a18d-78155f790380,2026-04-01T21:30:59.768142+00:00,Brazil Série A,over_2.5,Coritiba,Vasco da Gama,2.56,0.3906,0.4715,0.4715,False,50.0,80.0,70.0,79.0,0.0332,20.0,1000.0,AVOID,confianca_abaixo_cutoff,,
e2d459a0-2309-486d-9fbe-f8dc33a3c135,2026-04-01T21:30:59.784528+00:00,Brazil Série A,under_2.5,Coritiba,Vasco da Gama,2.21,0.4525,0.5285,0.5285,False,50.0,80.0,70.0,79.0,0.0347,20.0,1000.0,AVOID,confianca_abaixo_cutoff,,
e005b87d-b9e1-45f9-99fd-4d2a3a561ad0,2026-04-01T21:31:00.329166+00:00,Brazil Série A,1x2_casa,Fluminense,Corinthians,1.76,0.0,0.3533,0.3533,False,50.0,80.0,70.0,0.0,0.0,0.0,1000.0,AVOID,confianca_abaixo_cutoff|ev_nao_positivo|edge_score_fraco,,
d1e524a2-05b9-4d80-af3c-12580678a9b0,2026-04-01T21:31:00.338577+00:00,Brazil Série A,1x2_fora,Fluminense,Corinthians,6.0,0.0,0.1644,0.1644,False,50.0,80.0,70.0,0.0,0.0,0.0,1000.0,AVOID,confianca_abaixo_cutoff|ev_nao_positivo|edge_score_fraco,,
4de39b9d-ea11-42e1-9b1f-8a5f025baadf,2026-04-01T21:31:00.347811+00:00,Brazil Série A,over_2.5,Fluminense,Corinthians,2.36,0.0,0.2677,0.2677,False,50.0,80.0,70.0,0.0,0.0,0.0,1000.0,AVOID,confianca_abaixo_cutoff|ev_nao_positivo|edge_score_fraco,,
6d656ab8-6d06-4cb9-b348-bfec29dae675,2026-04-01T21:31:00.358457+00:00,Brazil Série A,under_2.5,Fluminense,Corinthians,2.06,0.4854,0.5723,0.5723,False,50.0,80.0,70.0,79.0,0.0422,20.0,1000.0,AVOID,confianca_abaixo_cutoff,,
c651c145-17e3-4b4b-9b19-84acf8fcc4a2,2026-04-01T21:38:31.254733+00:00,Premier League,1x2_casa,Arsenal,Chelsea,1.92,0.5208,0.6143,0.6143,False,85.0,80.0,75.0,88.5,0.0488,30.0,1000.0,BET,Confiança e EV dentro do mínimo operacional,,
777b0baf-67d3-4888-ba96-4a9d1e85600b,2026-04-01T21:38:31.255759+00:00,Premier League,1x2_casa,Arsenal,Chelsea,1.2,0.0,0.6143,0.6143,False,85.0,80.0,75.0,0.0,0.0,0.0,1000.0,AVOID,ev_nao_positivo|edge_score_fraco,,
e1946a33-bdec-4aa9-9a40-807f8038f5d5,2026-04-01T21:38:31.256836+00:00,Premier League,1x2_casa,Arsenal,Chelsea,1.92,0.5208,0.6143,0.6143,False,85.0,80.0,75.0,88.5,0.0488,30.0,1000.0,BET,Confiança e EV dentro do mínimo operacional,,
25a4fd9d-4bc0-4d3c-ac1b-adf448375c02,2026-04-01T21:38:31.257645+00:00,Premier League,1x2_casa,Arsenal,Chelsea,1.92,0.5208,0.6143,0.6143,False,85.0,80.0,75.0,88.5,0.0488,30.0,1000.0,BET,Confiança e EV dentro do mínimo operacional,,
030ffead-ff26-4417-a7a4-c92c41ed09bc,2026-04-01T22:18:47.836198+00:00,Brazil Série A,1x2_casa,Botafogo,Mirassol,2.5,0.4,0.4896,0.4896,False,50.0,80.0,70.0,79.0,0.0373,20.0,1000.0,AVOID,confianca_abaixo_cutoff,,
84028660-5774-4db4-b318-e53e77ccc804,2026-04-01T22:18:48.599971+00:00,Brazil Série A,1x2_fora,Botafogo,Mirassol,3.3,0.0,0.2089,0.2089,False,50.0,80.0,70.0,0.0,0.0,0.0,1000.0,AVOID,confianca_abaixo_cutoff|ev_nao_positivo|edge_score_fraco,,
602da6a6-ef17-4906-8cc1-f1919a78b438,2026-04-01T22:18:48.608913+00:00,Brazil Série A,over_2.5,Botafogo,Mirassol,2.24,0.0,0.3853,0.3853,False,50.0,80.0,70.0,0.0,0.0,0.0,1000.0,AVOID,confianca_abaixo_cutoff|ev_nao_positivo|edge_score_fraco,,
e4684a23-f1df-46a4-8b18-dbf61cd7fc40,2026-04-01T22:18:48.618366+00:00,Brazil Série A,under_2.5,Botafogo,Mirassol,2.0,0.5,0.6147,0.6147,False,50.0,80.0,70.0,79.0,0.05,20.0,1000.0,AVOID,confianca_abaixo_cutoff,,
2eab5292-3c52-4731-9980-47536f435bb4,2026-04-01T22:18:48.639087+00:00,Brazil Série A,1x2_casa,Internacional,Sao Paulo,2.3,0.4348,0.4532,0.4532,False,50.0,80.0,70.0,53.1,0.0081,10.0,1000.0,AVOID,confianca_abaixo_cutoff|edge_score_fraco,,
12c4d96e-d458-410d-b66e-10ca900a2c9d,2026-04-01T22:18:49.371664+00:00,Brazil Série A,1x2_fora,Internacional,Sao Paulo,3.8,0.0,0.2537,0.2537,False,50.0,80.0,70.0,0.0,0.0,0.0,1000.0,AVOID,confianca_abaixo_cutoff|ev_nao_positivo|edge_score_fraco,,
3f5f6e79-3089-4ff6-afa0-f5cedb03a7fc,2026-04-01T22:18:49.380936+00:00,Brazil Série A,over_2.5,Internacional,Sao Paulo,2.38,0.4202,0.4459,0.4459,False,50.0,80.0,70.0,59.4,0.0111,10.0,1000.0,AVOID,confianca_abaixo_cutoff|edge_score_fraco,,
f374eeb5-ec96-41bf-a5af-1503586b360f,2026-04-01T22:18:49.398117+00:00,Brazil Série A,under_2.5,Internacional,Sao Paulo,1.91,0.5236,0.5541,0.5541,False,50.0,80.0,70.0,58.4,0.016,10.0,1000.0,AVOID,confianca_abaixo_cutoff|edge_score_fraco,,
15964144-440e-4daa-a813-fcbac029a0ba,2026-04-01T22:18:49.414860+00:00,Brazil Série A,1x2_casa,Bahia,Atletico Paranaense,1.92,0.0,0.4528,0.4528,False,50.0,80.0,70.0,0.0,0.0,0.0,1000.0,AVOID,confianca_abaixo_cutoff|ev_nao_positivo|edge_score_fraco,,
fc744a1b-145c-4172-aaba-0ad3f0e83e4e,2026-04-01T22:18:49.423954+00:00,Brazil Série A,1x2_fora,Bahia,Atletico Paranaense,4.7,0.2128,0.2414,0.2414,False,50.0,80.0,70.0,79.0,0.0091,20.0,1000.0,AVOID,confianca_abaixo_cutoff,,
97d5f657-4b28-4331-a72e-e3a7fda2b5ad,2026-04-01T22:18:50.216653+00:00,Brazil Série A,over_2.5,Bahia,Atletico Paranaense,2.12,0.0,0.396,0.396,False,50.0,80.0,70.0,0.0,0.0,0.0,1000.0,AVOID,confianca_abaixo_cutoff|ev_nao_positivo|edge_score_fraco,,
5cbe8bb7-e64b-44ed-9e94-7669fc29f748,2026-04-01T22:18:50.225737+00:00,Brazil Série A,under_2.5,Bahia,Atletico Paranaense,2.05,0.4878,0.604,0.604,False,50.0,80.0,70.0,79.0,0.05,20.0,1000.0,AVOID,confianca_abaixo_cutoff,,
f0cf5565-9b67-4fbf-9a18-340d95f15d65,2026-04-01T22:18:50.240923+00:00,Brazil Série A,1x2_casa,Cruzeiro,Vitoria,1.61,0.0,0.4081,0.4081,False,50.0,80.0,70.0,0.0,0.0,0.0,1000.0,AVOID,confianca_abaixo_cutoff|ev_nao_positivo|edge_score_fraco,,
78e6f3b6-7d96-4982-aabc-d1c3879190d0,2026-04-01T22:18:50.250036+00:00,Brazil Série A,1x2_fora,Cruzeiro,Vitoria,7.2,0.1389,0.2793,0.2793,False,50.0,80.0,70.0,79.0,0.0408,20.0,1000.0,AVOID,confianca_abaixo_cutoff,,
dc2cd004-6ac1-4197-88c6-833624f1e42a,2026-04-01T22:18:51.018099+00:00,Brazil Série A,over_2.5,Cruzeiro,Vitoria,2.14,0.0,0.3933,0.3933,False,50.0,80.0,70.0,0.0,0.0,0.0,1000.0,AVOID,confianca_abaixo_cutoff|ev_nao_positivo|edge_score_fraco,,
31529ef5-1588-433a-a7b7-30a23910500e,2026-04-01T22:18:51.028192+00:00,Brazil Série A,under_2.5,Cruzeiro,Vitoria,1.93,0.5181,0.6067,0.6067,False,50.0,80.0,70.0,79.0,0.0459,20.0,1000.0,AVOID,confianca_abaixo_cutoff,,
50bac9e4-eb56-44d0-8b7b-6875ab6e45ba,2026-04-01T22:18:51.044700+00:00,Brazil Série A,1x2_casa,Coritiba,Vasco da Gama,2.7,0.3704,0.4334,0.4334,False,50.0,80.0,70.0,79.0,0.025,20.0,1000.0,AVOID,confianca_abaixo_cutoff,,
7c9965a2-db16-4c6e-9251-47d29ba24e68,2026-04-01T22:18:51.834227+00:00,Brazil Série A,1x2_fora,Coritiba,Vasco da Gama,3.05,0.0,0.2634,0.2634,False,50.0,80.0,70.0,0.0,0.0,0.0,1000.0,AVOID,confianca_abaixo_cutoff|ev_nao_positivo|edge_score_fraco,,
bf1aa0e2-8905-4880-a33a-1475e69c3ad2,2026-04-01T22:18:51.843108+00:00,Brazil Série A,over_2.5,Coritiba,Vasco da Gama,2.56,0.3906,0.4172,0.4172,False,50.0,80.0,70.0,61.7,0.0109,10.0,1000.0,AVOID,confianca_abaixo_cutoff|edge_score_fraco,,
b90f47e6-1c22-4b78-8221-ad052a877b5d,2026-04-01T22:18:51.857393+00:00,Brazil Série A,under_2.5,Coritiba,Vasco da Gama,2.21,0.4525,0.5828,0.5828,False,50.0,80.0,70.0,79.0,0.05,20.0,1000.0,AVOID,confianca_abaixo_cutoff,,
8730ddb6-aef9-4812-98f5-69858886b473,2026-04-01T22:18:51.875566+00:00,Brazil Série A,1x2_casa,Fluminense,Corinthians,1.77,0.0,0.3738,0.3738,False,50.0,80.0,70.0,0.0,0.0,0.0,1000.0,AVOID,confianca_abaixo_cutoff|ev_nao_positivo|edge_score_fraco,,
96199f85-67cf-4114-a947-debb88d62190,2026-04-01T22:18:51.884885+00:00,Brazil Série A,1x2_fora,Fluminense,Corinthians,5.9,0.0,0.1647,0.1647,False,50.0,80.0,70.0,0.0,0.0,0.0,1000.0,AVOID,confianca_abaixo_cutoff|ev_nao_positivo|edge_score_fraco,,
0504394e-bee2-4033-a12d-3648752173d3,2026-04-01T22:18:51.894044+00:00,Brazil Série A,over_2.5,Fluminense,Corinthians,2.36,0.0,0.3319,0.3319,False,50.0,80.0,70.0,0.0,0.0,0.0,1000.0,AVOID,confianca_abaixo_cutoff|ev_nao_positivo|edge_score_fraco,,
6a5de531-8a51-47f9-b534-2e682c333b41,2026-04-01T22:18:51.902992+00:00,Brazil Série A,under_2.5,Fluminense,Corinthians,2.12,0.4717,0.5081,0.5081,False,50.0,80.0,70.0,64.7,0.0172,10.0,1000.0,AVOID,confianca_abaixo_cutoff|edge_score_fraco,,
bba9d212-20f7-48ed-a113-d3b3df78f595,2026-04-01T22:21:41.660702+00:00,Brazil Série A,1x2_casa,Botafogo,Mirassol,2.5,0.4,0.4896,0.4896,False,50.0,80.0,70.0,79.0,0.0373,20.0,1000.0,AVOID,confianca_abaixo_cutoff,,
5379d0ba-5334-4641-af32-b5dea2d0aef6,2026-04-01T22:21:42.519254+00:00,Brazil Série A,1x2_fora,Botafogo,Mirassol,3.33,0.0,0.2089,0.2089,False,50.0,80.0,70.0,0.0,0.0,0.0,1000.0,AVOID,confianca_abaixo_cutoff|ev_nao_positivo|edge_score_fraco,,
d9caf4e2-015d-4397-a6f4-81744599fb2e,2026-04-01T22:21:42.528567+00:00,Brazil Série A,over_2.5,Botafogo,Mirassol,2.24,0.0,0.3853,0.3853,False,50.0,80.0,70.0,0.0,0.0,0.0,1000.0,AVOID,confianca_abaixo_cutoff|ev_nao_positivo|edge_score_fraco,,
df5d538a-48b9-493e-a550-173b9eb5f11d,2026-04-01T22:21:42.537758+00:00,Brazil Série A,under_2.5,Botafogo,Mirassol,2.0,0.5,0.6147,0.6147,False,50.0,80.0,70.0,79.0,0.05,20.0,1000.0,AVOID,confianca_abaixo_cutoff,,
fc59be5e-fa80-46a1-b083-b5b84c33b0a0,2026-04-01T22:21:42.560609+00:00,Brazil Série A,1x2_casa,Internacional,Sao Paulo,2.3,0.4348,0.4532,0.4532,False,50.0,80.0,70.0,53.1,0.0081,10.0,1000.0,AVOID,confianca_abaixo_cutoff|edge_score_fraco,,
84d4941d-831c-4d81-9976-6243b2a1310d,2026-04-01T22:21:43.323998+00:00,Brazil Série A,1x2_fora,Internacional,Sao Paulo,3.8,0.0,0.2537,0.2537,False,50.0,80.0,70.0,0.0,0.0,0.0,1000.0,AVOID,confianca_abaixo_cutoff|ev_nao_positivo|edge_score_fraco,,
1d54d0c9-c936-486c-9b61-b4f324a92bf0,2026-04-01T22:21:43.333148+00:00,Brazil Série A,over_2.5,Internacional,Sao Paulo,2.38,0.4202,0.4459,0.4459,False,50.0,80.0,70.0,59.4,0.0111,10.0,1000.0,AVOID,confianca_abaixo_cutoff|edge_score_fraco,,
ab9ab72b-7b32-4efc-98ec-d7565e8fcd26,2026-04-01T22:21:43.348655+00:00,Brazil Série A,under_2.5,Internacional,Sao Paulo,1.91,0.5236,0.5541,0.5541,False,50.0,80.0,70.0,58.4,0.016,10.0,1000.0,AVOID,confianca_abaixo_cutoff|edge_score_fraco,,
3f679972-3b61-4eb5-be7d-a6e04246b805,2026-04-01T22:21:43.366934+00:00,Brazil Série A,1x2_casa,Bahia,Atletico Paranaense,1.91,0.0,0.4528,0.4528,False,50.0,80.0,70.0,0.0,0.0,0.0,1000.0,AVOID,confianca_abaixo_cutoff|ev_nao_positivo|edge_score_fraco,,
82e20add-d3be-48d2-9962-0ce2123a2ca9,2026-04-01T22:21:43.377440+00:00,Brazil Série A,1x2_fora,Bahia,Atletico Paranaense,4.7,0.2128,0.2414,0.2414,False,50.0,80.0,70.0,79.0,0.0091,20.0,1000.0,AVOID,confianca_abaixo_cutoff,,
d7e704f6-fdbd-48f6-9507-8a59cc60f1eb,2026-04-01T22:21:44.150928+00:00,Brazil Série A,over_2.5,Bahia,Atletico Paranaense,2.12,0.0,0.396,0.396,False,50.0,80.0,70.0,0.0,0.0,0.0,1000.0,AVOID,confianca_abaixo_cutoff|ev_nao_positivo|edge_score_fraco,,
f4b203c5-ff89-4fbb-8278-84c8df4fd7fb,2026-04-01T22:21:44.160130+00:00,Brazil Série A,under_2.5,Bahia,Atletico Paranaense,2.05,0.4878,0.604,0.604,False,50.0,80.0,70.0,79.0,0.05,20.0,1000.0,AVOID,confianca_abaixo_cutoff,,
e14acd15-2c8e-4471-9c42-5e2514d63fb4,2026-04-01T22:21:44.174316+00:00,Brazil Série A,1x2_casa,Cruzeiro,Vitoria,1.61,0.0,0.4081,0.4081,False,50.0,80.0,70.0,0.0,0.0,0.0,1000.0,AVOID,confianca_abaixo_cutoff|ev_nao_positivo|edge_score_fraco,,
b7868ce3-046d-477d-9d54-2a91695d9d28,2026-04-01T22:21:44.183316+00:00,Brazil Série A,1x2_fora,Cruzeiro,Vitoria,7.4,0.1351,0.2793,0.2793,False,50.0,80.0,70.0,79.0,0.0417,20.0,1000.0,AVOID,confianca_abaixo_cutoff,,
a3ccfcc8-356c-45d6-a0ca-87363e5c1a46,2026-04-01T22:21:44.970594+00:00,Brazil Série A,over_2.5,Cruzeiro,Vitoria,2.18,0.0,0.3933,0.3933,False,50.0,80.0,70.0,0.0,0.0,0.0,1000.0,AVOID,confianca_abaixo_cutoff|ev_nao_positivo|edge_score_fraco,,
387bc2e7-291c-4444-b78c-3caa8f2dc88b,2026-04-01T22:21:44.980153+00:00,Brazil Série A,under_2.5,Cruzeiro,Vitoria,1.87,0.5348,0.6067,0.6067,False,50.0,80.0,70.0,79.0,0.0387,20.0,1000.0,AVOID,confianca_abaixo_cutoff,,
203af00b-444c-452d-ba94-3d0283b6c94d,2026-04-01T22:21:44.997864+00:00,Brazil Série A,1x2_casa,Coritiba,Vasco da Gama,2.7,0.3704,0.4334,0.4334,False,50.0,80.0,70.0,79.0,0.025,20.0,1000.0,AVOID,confianca_abaixo_cutoff,,
41fa31e2-cf8c-4dff-ad02-7a4de9118dcf,2026-04-01T22:21:45.766918+00:00,Brazil Série A,1x2_fora,Coritiba,Vasco da Gama,3.05,0.0,0.2634,0.2634,False,50.0,80.0,70.0,0.0,0.0,0.0,1000.0,AVOID,confianca_abaixo_cutoff|ev_nao_positivo|edge_score_fraco,,
21973fe3-4716-435d-9e54-0766e7684960,2026-04-01T22:21:45.777571+00:00,Brazil Série A,over_2.5,Coritiba,Vasco da Gama,2.56,0.3906,0.4172,0.4172,False,50.0,80.0,70.0,61.7,0.0109,10.0,1000.0,AVOID,confianca_abaixo_cutoff|edge_score_fraco,,
be13e88b-ddd7-410e-b659-96e4307ab28b,2026-04-01T22:21:45.794915+00:00,Brazil Série A,under_2.5,Coritiba,Vasco da Gama,2.21,0.4525,0.5828,0.5828,False,50.0,80.0,70.0,79.0,0.05,20.0,1000.0,AVOID,confianca_abaixo_cutoff,,
4b588ad1-fc9e-476d-93a1-3ac8e1f99a7e,2026-04-01T22:21:45.816481+00:00,Brazil Série A,1x2_casa,Fluminense,Corinthians,1.77,0.0,0.3738,0.3738,False,50.0,80.0,70.0,0.0,0.0,0.0,1000.0,AVOID,confianca_abaixo_cutoff|ev_nao_positivo|edge_score_fraco,,
751b3d55-4456-41a9-aa56-f003de4a0704,2026-04-01T22:21:45.826873+00:00,Brazil Série A,1x2_fora,Fluminense,Corinthians,5.9,0.0,0.1647,0.1647,False,50.0,80.0,70.0,0.0,0.0,0.0,1000.0,AVOID,confianca_abaixo_cutoff|ev_nao_positivo|edge_score_fraco,,
30ec4d41-7c55-49c2-8e70-b6fd7731b8e7,2026-04-01T22:21:45.837805+00:00,Brazil Série A,over_2.5,Fluminense,Corinthians,2.36,0.0,0.3319,0.3319,False,50.0,80.0,70.0,0.0,0.0,0.0,1000.0,AVOID,confianca_abaixo_cutoff|ev_nao_positivo|edge_score_fraco,,
756e35f2-dd59-4343-8f33-1f66ee147fbf,2026-04-01T22:21:45.847593+00:00,Brazil Série A,under_2.5,Fluminense,Corinthians,2.12,0.4717,0.5081,0.5081,False,50.0,80.0,70.0,64.7,0.0172,10.0,1000.0,AVOID,confianca_abaixo_cutoff|edge_score_fraco,,
98c3dbf0-2a5a-4c47-940c-0aed1409b03c,2026-04-02T11:27:08.586877+00:00,Brazil Série A,1x2_casa,Chapecoense,Atletico Mineiro,3.15,0.3175,0.3872,0.3872,False,50.0,80.0,70.0,79.0,0.0255,20.0,1000.0,AVOID,confianca_abaixo_cutoff,,
6d8214b3-dba1-4865-9153-4c229452920e,2026-04-02T11:27:09.577835+00:00,Brazil Série A,1x2_fora,Chapecoense,Atletico Mineiro,2.58,0.0,0.3161,0.3161,False,50.0,80.0,70.0,0.0,0.0,0.0,1000.0,AVOID,confianca_abaixo_cutoff|ev_nao_positivo|edge_score_fraco,,
9e6c022f-a25f-4854-a773-accf4957d726,2026-04-02T11:27:09.586063+00:00,Brazil Série A,over_2.5,Chapecoense,Atletico Mineiro,2.32,0.431,0.4587,0.4587,False,51.0,80.0,70.0,60.7,0.0122,10.0,1000.0,AVOID,confianca_abaixo_cutoff|edge_score_fraco,,
437643d1-b8ff-44ab-9bcb-28a816ebb193,2026-04-02T11:27:10.314114+00:00,Brazil Série A,under_2.5,Chapecoense,Atletico Mineiro,1.93,0.5181,0.5413,0.5413,False,50.0,80.0,70.0,53.9,0.012,10.0,1000.0,AVOID,confianca_abaixo_cutoff|edge_score_fraco,,
5c4cb7f2-c0ca-4fe0-8bb6-4501a9ad631a,2026-04-02T11:27:10.343469+00:00,Brazil Série A,1x2_casa,Santos,Remo,1.59,0.0,0.4368,0.4368,False,50.0,80.0,70.0,0.0,0.0,0.0,1000.0,AVOID,confianca_abaixo_cutoff|ev_nao_positivo|edge_score_fraco,,
c1504058-6def-4558-92c9-8da5de468107,2026-04-02T11:27:10.351614+00:00,Brazil Série A,1x2_fora,Santos,Remo,6.78,0.1475,0.2722,0.2722,False,50.0,80.0,70.0,79.0,0.0366,20.0,1000.0,AVOID,confianca_abaixo_cutoff,,
1471193f-cb92-467e-ba11-938d50da8e90,2026-04-02T11:27:11.154412+00:00,Brazil Série A,over_2.5,Santos,Remo,1.9,0.0,0.4639,0.4639,False,51.0,80.0,70.0,0.0,0.0,0.0,1000.0,AVOID,confianca_abaixo_cutoff|ev_nao_positivo|edge_score_fraco,,
3d8df97b-efbb-4fc0-be3a-6d04714b9f5d,2026-04-02T11:27:11.162610+00:00,Brazil Série A,under_2.5,Santos,Remo,2.08,0.4808,0.5361,0.5361,False,50.0,80.0,70.0,77.4,0.0266,20.0,1000.0,AVOID,confianca_abaixo_cutoff,,
b4151020-e325-40b4-8547-43023764361c,2026-04-02T12:00:30.106085+00:00,Brazil Série A,1x2_casa,Chapecoense,Atletico Mineiro,3.15,0.3175,0.3872,0.3872,False,50.0,80.0,70.0,79.0,0.0255,20.0,1000.0,AVOID,confianca_abaixo_cutoff,,
6c3c9091-9967-464e-9219-a1634155e4dc,2026-04-02T12:00:32.849506+00:00,Brazil Série A,1x2_fora,Chapecoense,Atletico Mineiro,2.56,0.0,0.3161,0.3161,False,50.0,80.0,70.0,0.0,0.0,0.0,1000.0,AVOID,confianca_abaixo_cutoff|ev_nao_positivo|edge_score_fraco,,
ed6cbf15-d182-4f14-89c0-8873e9085e68,2026-04-02T12:00:32.859162+00:00,Brazil Série A,over_2.5,Chapecoense,Atletico Mineiro,2.28,0.4386,0.4587,0.4587,False,51.0,80.0,70.0,54.5,0.009,10.0,1000.0,AVOID,confianca_abaixo_cutoff|edge_score_fraco,,
91c7c3c2-9b8e-4045-af40-96fcaa02e1bb,2026-04-02T12:00:32.873834+00:00,Brazil Série A,under_2.5,Chapecoense,Atletico Mineiro,1.93,0.5181,0.5413,0.5413,False,50.0,80.0,70.0,53.9,0.012,10.0,1000.0,AVOID,confianca_abaixo_cutoff|edge_score_fraco,,
42b268a4-c250-4615-98ec-577b805c0337,2026-04-02T12:00:32.890457+00:00,Brazil Série A,1x2_casa,Santos,Remo,1.64,0.0,0.4368,0.4368,False,50.0,80.0,70.0,0.0,0.0,0.0,1000.0,AVOID,confianca_abaixo_cutoff|ev_nao_positivo|edge_score_fraco,,
2eedb5e5-4b8d-45c1-bf56-9352674cdbd4,2026-04-02T12:00:32.899825+00:00,Brazil Série A,1x2_fora,Santos,Remo,6.46,0.1548,0.2722,0.2722,False,50.0,80.0,70.0,79.0,0.0347,20.0,1000.0,AVOID,confianca_abaixo_cutoff,,
d3bbf343-c8b7-4354-b7f7-00cd31771abe,2026-04-02T12:00:36.333323+00:00,Brazil Série A,over_2.5,Santos,Remo,1.98,0.0,0.4639,0.4639,False,51.0,80.0,70.0,0.0,0.0,0.0,1000.0,AVOID,confianca_abaixo_cutoff|ev_nao_positivo|edge_score_fraco,,
411409b2-4889-4364-8626-049f525dfdc7,2026-04-02T12:00:36.344165+00:00,Brazil Série A,under_2.5,Santos,Remo,2.03,0.4926,0.5361,0.5361,False,50.0,80.0,70.0,68.4,0.0214,20.0,1000.0,AVOID,confianca_abaixo_cutoff,,
f0bd4ac4-d809-460a-ac2d-b87553805819,2026-04-02T12:38:41.448611+00:00,Premier League,1x2_casa,Arsenal,Chelsea,1.92,0.5208,0.6143,0.6143,False,85.0,80.0,75.0,88.5,0.0488,30.0,1000.0,BET,Confiança e EV dentro do mínimo operacional,,
6d6bd23f-c929-4198-97e7-41c29475479d,2026-04-02T12:39:22.139850+00:00,Brazil Série A,1x2_casa,Bragantino-SP,Flamengo,4.05,0.2469,0.2707,0.2707,False,50.0,80.0,70.0,71.1,0.0079,20.0,1000.0,AVOID,confianca_abaixo_cutoff,,
ed0515fc-1259-40b2-8bce-54154d95e2e7,2026-04-02T12:39:22.918070+00:00,Brazil Série A,1x2_fora,Bragantino-SP,Flamengo,2.2,0.0,0.2888,0.2888,False,50.0,80.0,70.0,0.0,0.0,0.0,1000.0,AVOID,confianca_abaixo_cutoff|ev_nao_positivo|edge_score_fraco,,
bd9e239b-3960-4c15-a1d2-31621335165e,2026-04-02T12:39:22.933973+00:00,Brazil Série A,over_2.5,Bragantino-SP,Flamengo,2.28,0.0,0.4458,0.4458,False,51.0,80.0,70.0,0.0,0.0,0.0,1000.0,AVOID,confianca_abaixo_cutoff|edge_score_fraco,,
33a7cdee-2440-4a97-b67d-a2cb6535d132,2026-04-02T12:39:22.949621+00:00,Brazil Série A,under_2.5,Bragantino-SP,Flamengo,2.15,0.0,0.3942,0.3942,False,50.0,80.0,70.0,0.0,0.0,0.0,1000.0,AVOID,confianca_abaixo_cutoff|ev_nao_positivo|edge_score_fraco,,
0c97fb52-9a92-4e4f-9da0-75595037d3c4,2026-04-02T12:39:22.968602+00:00,Brazil Série A,1x2_casa,Palmeiras,Grêmio,1.55,0.0,0.5893,0.5893,False,50.0,80.0,70.0,0.0,0.0,0.0,1000.0,AVOID,confianca_abaixo_cutoff|ev_nao_positivo|edge_score_fraco,,
0fb4347b-42f6-471f-8d25-72452a08f8ea,2026-04-02T12:39:22.984143+00:00,Brazil Série A,1x2_fora,Palmeiras,Grêmio,7.0,0.1429,0.2893,0.2893,False,50.0,80.0,70.0,79.0,0.0427,20.0,1000.0,AVOID,confianca_abaixo_cutoff,,
dea6da45-eac4-45a2-a9e0-bd6dd4c700b8,2026-04-02T12:39:23.786890+00:00,Brazil Série A,over_2.5,Palmeiras,Grêmio,1.93,0.0,0.531,0.531,False,51.0,80.0,70.0,0.0,0.0,0.0,1000.0,AVOID,confianca_abaixo_cutoff|edge_score_fraco,,
2acff0bf-666b-4051-8515-2001034fd3b8,2026-04-02T12:39:23.802671+00:00,Brazil Série A,under_2.5,Palmeiras,Grêmio,2.26,0.4425,0.629,0.629,False,50.0,80.0,70.0,79.0,0.05,20.0,1000.0,AVOID,confianca_abaixo_cutoff,,
76f99994-542a-44e2-8e28-5ce50bd3ff74,2026-04-02T15:13:06.139098+00:00,Premier League,1x2_fora,Arsenal,Chelsea,4.1,0.2439,0.2443,0.3193,False,65.0,80.0,70.0,82.8,0.0249,30.0,1000.0,BET,Confiança e EV dentro do mínimo operacional,,
2369f825-39f1-496d-aded-7c60fe713cb2,2026-04-02T15:13:06.157712+00:00,Premier League,over_2.5,Arsenal,Chelsea,1.85,0.5405,0.7112,0.7862,False,65.0,80.0,70.0,82.8,0.05,30.0,1000.0,BET,Confiança e EV dentro do mínimo operacional,,
f2e0323d-c804-42c6-be0e-1868fea62ebb,2026-04-02T15:13:06.185324+00:00,Premier League,under_2.5,Arsenal,Chelsea,1.95,0.0,0.2888,0.3638,False,65.0,80.0,70.0,0.0,0.0,0.0,1000.0,AVOID,ev_nao_positivo|edge_score_fraco,,
49f035ac-1f2c-4b11-b1fd-b38a580b50ca,2026-04-03T12:10:56.119650+00:00,La Liga - Spain,1x2_casa,Rayo Vallecano,Elche CF,1.8,0.0,0.4138,0.4088,False,50.0,80.0,70.0,0.0,0.0,0.0,1000.0,AVOID,confianca_abaixo_cutoff|ev_nao_positivo|edge_score_fraco,,
685fdac9-4172-4ff0-b739-59c9f87c583f,2026-04-03T12:10:56.142849+00:00,La Liga - Spain,1x2_fora,Rayo Vallecano,Elche CF,5.2,0.1923,0.2964,0.2914,False,50.0,80.0,70.0,79.0,0.0307,20.0,1000.0,AVOID,confianca_abaixo_cutoff,,
9400ee1f-af26-4b89-9dff-610da62d33bb,2026-04-03T12:10:56.920620+00:00,La Liga - Spain,over_2.5,Rayo Vallecano,Elche CF,2.05,0.0,0.4689,0.4639,False,50.0,80.0,70.0,0.0,0.0,0.0,1000.0,AVOID,confianca_abaixo_cutoff|ev_nao_positivo|edge_score_fraco,,
e9e1736c-9436-4267-ada1-0b8c2746ff2e,2026-04-03T12:10:56.943304+00:00,La Liga - Spain,under_2.5,Rayo Vallecano,Elche CF,2.14,0.4673,0.5311,0.5261,False,50.0,80.0,70.0,79.0,0.0276,20.0,1000.0,AVOID,confianca_abaixo_cutoff,,
88edc84f-1786-4793-81c9-1442c007203d,2026-04-03T12:10:59.226821+00:00,Ligue 1 - France,1x2_casa,Paris Saint Germain,Toulouse,1.3,0.0,0.4269,0.5019,False,65.0,80.0,70.0,0.0,0.0,0.0,1000.0,AVOID,ev_nao_positivo|edge_score_fraco,,
f39d12bf-15aa-4139-ad25-352dc9010f6a,2026-04-03T12:10:59.250337+00:00,Ligue 1 - France,1x2_fora,Paris Saint Germain,Toulouse,13.0,0.0769,0.364,0.439,False,65.0,80.0,70.0,82.8,0.05,30.0,1000.0,BET,Confiança e EV dentro do mínimo operacional,,
c542d42c-0c3e-4833-bd47-b7e9b769678b,2026-04-03T12:11:00.009880+00:00,Ligue 1 - France,over_2.5,Paris Saint Germain,Toulouse,2.14,0.4673,0.8228,0.8978,False,73.0,80.0,70.0,84.8,0.05,30.0,1000.0,BET,Confiança e EV dentro do mínimo operacional,,
09abb96b-5423-4743-9338-af393a5002b6,2026-04-03T12:11:00.039970+00:00,Ligue 1 - France,under_2.5,Paris Saint Germain,Toulouse,2.7,0.0,0.1772,0.2522,False,65.0,80.0,70.0,0.0,0.0,0.0,1000.0,AVOID,ev_nao_positivo|edge_score_fraco,,
c0ce4645-7f01-48f1-9335-6f8f86a83f70,2026-04-04T14:01:14.983413+00:00,Brazil Série A,1x2_casa,Sao Paulo,Cruzeiro,2.34,0.0,0.3971,0.3921,False,50.0,80.0,70.0,0.0,0.0,0.0,1000.0,AVOID,confianca_abaixo_cutoff|ev_nao_positivo|edge_score_fraco,,
5a87d577-e335-4d95-b11d-ea78efcfe76a,2026-04-04T14:01:15.007180+00:00,Brazil Série A,1x2_fora,Sao Paulo,Cruzeiro,3.8,0.2632,0.2944,0.2894,False,50.0,80.0,70.0,72.2,0.0089,20.0,1000.0,AVOID,confianca_abaixo_cutoff,,
5de69947-b827-4db0-93a3-69ead6261479,2026-04-04T14:01:18.428516+00:00,Brazil Série A,over_2.5,Sao Paulo,Cruzeiro,2.62,0.3817,0.4119,0.4069,False,51.0,80.0,70.0,61.3,0.0102,10.0,1000.0,AVOID,confianca_abaixo_cutoff|edge_score_fraco,,
a703d066-4180-4e21-8e51-750a1efeff5d,2026-04-04T14:01:19.840480+00:00,Brazil Série A,under_2.5,Sao Paulo,Cruzeiro,1.99,0.5025,0.5881,0.5831,False,50.0,80.0,70.0,79.0,0.0405,20.0,1000.0,AVOID,confianca_abaixo_cutoff,,
6636fdd9-3e6e-428d-aeff-888347535011,2026-04-04T14:01:20.367741+00:00,Brazil Série A,1x2_casa,Coritiba,Fluminense,3.45,0.2899,0.4052,0.4002,False,50.0,80.0,70.0,79.0,0.0388,20.0,1000.0,AVOID,confianca_abaixo_cutoff,,
8d235630-ec66-4655-8d84-4eb7abcf92a3,2026-04-04T14:01:22.384695+00:00,Brazil Série A,1x2_fora,Coritiba,Fluminense,2.56,0.0,0.2811,0.2761,False,50.0,80.0,70.0,0.0,0.0,0.0,1000.0,AVOID,confianca_abaixo_cutoff|ev_nao_positivo|edge_score_fraco,,
48cb1706-12fd-480b-8d2b-4dc4943a51d1,2026-04-04T14:01:22.409235+00:00,Brazil Série A,over_2.5,Coritiba,Fluminense,2.52,0.0,0.3907,0.3857,False,54.0,80.0,70.0,0.0,0.0,0.0,1000.0,AVOID,confianca_abaixo_cutoff|ev_nao_positivo|edge_score_fraco,,
af29eda6-117c-4b8a-baf2-8760a18b2b5c,2026-04-04T14:01:22.432565+00:00,Brazil Série A,under_2.5,Coritiba,Fluminense,2.68,0.3731,0.6093,0.6043,False,50.0,80.0,70.0,79.0,0.05,20.0,1000.0,AVOID,confianca_abaixo_cutoff,,
439dbbe3-efe2-400d-9b34-4aaa3fbc7eb0,2026-04-04T14:01:22.477173+00:00,Brazil Série A,1x2_casa,Vasco da Gama,Botafogo,2.07,0.0,0.3229,0.3179,False,50.0,80.0,70.0,0.0,0.0,0.0,1000.0,AVOID,confianca_abaixo_cutoff|ev_nao_positivo|edge_score_fraco,,
16db9ff4-eef8-4775-a95e-166c03581a8a,2026-04-04T14:01:22.502654+00:00,Brazil Série A,1x2_fora,Vasco da Gama,Botafogo,4.1,0.2439,0.3757,0.3707,False,50.0,80.0,70.0,79.0,0.0419,20.0,1000.0,AVOID,confianca_abaixo_cutoff,,
5d859dcf-31a7-4d3d-bc94-b3813cdeecd1,2026-04-04T14:01:24.338831+00:00,Brazil Série A,over_2.5,Vasco da Gama,Botafogo,2.16,0.0,0.4433,0.4383,False,54.0,80.0,70.0,0.0,0.0,0.0,1000.0,AVOID,confianca_abaixo_cutoff|ev_nao_positivo|edge_score_fraco,,
9a6cb721-909d-4d05-9f4e-0684461fdadf,2026-04-04T14:01:24.364944+00:00,Brazil Série A,under_2.5,Vasco da Gama,Botafogo,2.04,0.4902,0.5567,0.5517,False,50.0,80.0,70.0,79.0,0.0302,20.0,1000.0,AVOID,confianca_abaixo_cutoff,,
95d2eb9a-74c7-483d-9d08-acefa3fe0621,2026-04-04T14:01:27.784587+00:00,La Liga - Spain,1x2_casa,Mallorca,Real Madrid,6.25,0.16,0.3744,0.3694,False,65.0,80.0,70.0,82.8,0.05,30.0,1000.0,BET,Confiança e EV dentro do mínimo operacional,,
362d8545-cf7f-4edd-8546-136de6adac7e,2026-04-04T14:01:29.100595+00:00,La Liga - Spain,1x2_fora,Mallorca,Real Madrid,1.6,0.0,0.3604,0.3554,False,65.0,80.0,70.0,0.0,0.0,0.0,1000.0,AVOID,ev_nao_positivo|edge_score_fraco,,
11043448-b641-4350-9079-3739d021e5e7,2026-04-04T14:01:29.123882+00:00,La Liga - Spain,over_2.5,Mallorca,Real Madrid,2.52,0.3968,0.5795,0.5745,False,69.0,80.0,70.0,83.8,0.05,30.0,1000.0,BET,Confiança e EV dentro do mínimo operacional,,
25cbf64c-ec62-42b9-9df6-3f2f6bce715e,2026-04-04T14:01:29.159459+00:00,La Liga - Spain,under_2.5,Mallorca,Real Madrid,2.42,0.0,0.4205,0.4155,False,65.0,80.0,70.0,0.0,0.0,0.0,1000.0,AVOID,edge_score_fraco,,
17630bc3-b683-4001-b54f-d3eed9163a90,2026-04-04T14:01:29.185973+00:00,La Liga - Spain,1x2_casa,Real Betis,Espanyol,1.76,0.0,0.5525,0.5475,False,65.0,80.0,70.0,0.0,0.0,0.0,1000.0,AVOID,ev_nao_positivo|edge_score_fraco,,
1cffde3e-5531-4091-bdb1-9a2b5f58fb3e,2026-04-04T14:01:29.209522+00:00,La Liga - Spain,1x2_fora,Real Betis,Espanyol,5.2,0.0,0.1931,0.1881,False,65.0,80.0,70.0,0.0,0.0,0.0,1000.0,AVOID,ev_nao_positivo|edge_score_fraco,,
eba1a74b-7894-4aca-9fc1-71e18fb6a657,2026-04-04T14:01:29.233336+00:00,La Liga - Spain,over_2.5,Real Betis,Espanyol,1.92,0.0,0.5205,0.5155,False,65.0,80.0,70.0,0.0,0.0,0.0,1000.0,AVOID,ev_nao_positivo|edge_score_fraco,,
e9b8fd76-7c3e-45bf-b98b-b1e24fbde3dc,2026-04-04T14:01:29.256382+00:00,La Liga - Spain,under_2.5,Real Betis,Espanyol,2.06,0.0,0.4795,0.4745,False,65.0,80.0,70.0,0.0,0.0,0.0,1000.0,AVOID,ev_nao_positivo|edge_score_fraco,,
2a23bdfb-b2f8-4503-8583-8b579aa12db7,2026-04-04T14:01:29.283076+00:00,La Liga - Spain,1x2_casa,Atlético Madrid,Barcelona,3.3,0.0,0.2911,0.2861,False,50.0,80.0,70.0,0.0,0.0,0.0,1000.0,AVOID,confianca_abaixo_cutoff|ev_nao_positivo|edge_score_fraco,,
92067eec-df9b-4dfb-857a-9c7da1d78cb8,2026-04-04T14:01:29.306937+00:00,La Liga - Spain,1x2_fora,Atlético Madrid,Barcelona,2.25,0.0,0.4446,0.4396,False,50.0,80.0,70.0,0.0,0.0,0.0,1000.0,AVOID,confianca_abaixo_cutoff|ev_nao_positivo|edge_score_fraco,,
098a4d59-2ea3-4f29-9c4c-2fe7d694b821,2026-04-04T14:01:29.330972+00:00,La Liga - Spain,over_2.5,Atlético Madrid,Barcelona,2.12,0.4717,0.5655,0.5605,False,50.0,80.0,70.0,79.0,0.042,20.0,1000.0,AVOID,confianca_abaixo_cutoff,,
a7018c5a-5ecb-41c8-9e62-4f2507a9f1ea,2026-04-04T14:01:30.884419+00:00,La Liga - Spain,under_2.5,Atlético Madrid,Barcelona,2.9,0.3448,0.4345,0.4295,False,50.0,80.0,70.0,79.0,0.0323,20.0,1000.0,AVOID,confianca_abaixo_cutoff,,
72a8162c-1ca6-41b0-a910-fc004cf3e9de,2026-04-04T14:01:32.254299+00:00,Serie A - Italy,1x2_casa,Hellas Verona,Fiorentina,4.3,0.2326,0.3938,0.3888,False,50.0,80.0,70.0,79.0,0.05,20.0,1000.0,AVOID,confianca_abaixo_cutoff,,
b9fa489f-be28-419a-bb16-8efca1b14a1d,2026-04-04T14:01:33.748781+00:00,Serie A - Italy,1x2_fora,Hellas Verona,Fiorentina,2.14,0.0,0.3194,0.3144,False,50.0,80.0,70.0,0.0,0.0,0.0,1000.0,AVOID,confianca_abaixo_cutoff|ev_nao_positivo|edge_score_fraco,,
327c591d-646e-4b66-a52c-0c289b6ef5b7,2026-04-04T14:01:33.772263+00:00,Serie A - Italy,over_2.5,Hellas Verona,Fiorentina,2.54,0.3937,0.4866,0.4816,False,50.0,80.0,70.0,79.0,0.0362,20.0,1000.0,AVOID,confianca_abaixo_cutoff,,
fef330dd-e09f-43b7-a801-558ece5ab885,2026-04-04T14:01:33.813359+00:00,Serie A - Italy,under_2.5,Hellas Verona,Fiorentina,2.16,0.463,0.5134,0.5084,False,50.0,80.0,70.0,71.7,0.0212,20.0,1000.0,AVOID,confianca_abaixo_cutoff,,
41ac7fe7-b5c1-49c0-80fc-f18eec61ee2b,2026-04-04T14:01:33.859108+00:00,Serie A - Italy,1x2_casa,Lazio,Parma,1.93,0.0,0.4714,0.3864,False,50.0,80.0,70.0,0.0,0.0,0.0,1000.0,AVOID,confianca_abaixo_cutoff|ev_nao_positivo|edge_score_fraco,,
6d936629-de0e-4b70-8a14-68b2d8f442f7,2026-04-04T14:01:33.883446+00:00,Serie A - Italy,1x2_fora,Lazio,Parma,5.1,0.0,0.2363,0.1513,False,50.0,80.0,70.0,0.0,0.0,0.0,1000.0,AVOID,confianca_abaixo_cutoff|ev_nao_positivo|edge_score_fraco,,
9a8b22f1-bab7-400d-8fdc-321ecec06791,2026-04-04T14:01:33.906857+00:00,Serie A - Italy,over_2.5,Lazio,Parma,2.29,0.0,0.4277,0.3427,False,50.0,80.0,70.0,0.0,0.0,0.0,1000.0,AVOID,confianca_abaixo_cutoff|ev_nao_positivo|edge_score_fraco,,
7b7a661e-53e8-4b99-b04b-4a9f7b789045,2026-04-04T14:01:33.930314+00:00,Serie A - Italy,under_2.5,Lazio,Parma,2.24,0.4464,0.5723,0.4873,False,50.0,80.0,70.0,69.5,0.0185,20.0,1000.0,AVOID,confianca_abaixo_cutoff,,
2ff353ae-b314-4143-a67f-052b06bbb67f,2026-04-04T14:01:36.084488+00:00,Bundesliga - Germany,1x2_casa,VfB Stuttgart,Borussia Dortmund,2.36,0.4237,0.5089,0.5039,False,65.0,80.0,70.0,82.8,0.0348,30.0,1000.0,BET,Confiança e EV dentro do mínimo operacional,,
4aacebda-22b6-410f-84d4-9300d9b2f722,2026-04-04T14:01:37.100284+00:00,Bundesliga - Germany,1x2_fora,VfB Stuttgart,Borussia Dortmund,3.0,0.0,0.295,0.29,False,65.0,80.0,70.0,0.0,0.0,0.0,1000.0,AVOID,ev_nao_positivo|edge_score_fraco,,
e81661d9-9d2a-4611-8109-c06ac0a0b651,2026-04-04T14:01:37.123806+00:00,Bundesliga - Germany,over_2.5,VfB Stuttgart,Borussia Dortmund,2.13,0.4695,0.8527,0.8477,False,65.0,80.0,70.0,82.8,0.05,30.0,1000.0,BET,Confiança e EV dentro do mínimo operacional,,
bfd9699b-b873-49ba-beb1-59baf802db4c,2026-04-04T14:01:37.159010+00:00,Bundesliga - Germany,under_2.5,VfB Stuttgart,Borussia Dortmund,2.75,0.0,0.1473,0.1423,False,65.0,80.0,70.0,0.0,0.0,0.0,1000.0,AVOID,ev_nao_positivo|edge_score_fraco,,
b26f8155-fd56-410a-bfaf-336b1b12e452,2026-04-04T14:01:38.122259+00:00,Ligue 1 - France,1x2_casa,Strasbourg,Nice,2.01,0.4975,0.3899,0.5449,False,65.0,80.0,70.0,74.5,0.0236,20.0,1000.0,SKIP,Confiança e EV dentro do mínimo operacional,,
056cd81b-74b5-43e4-9f06-9cabddd0cd37,2026-04-04T14:01:39.096279+00:00,Ligue 1 - France,1x2_fora,Strasbourg,Nice,4.1,0.2439,0.3943,0.5493,False,65.0,80.0,70.0,82.8,0.05,30.0,1000.0,BET,Confiança e EV dentro do mínimo operacional,,
d7d181b6-8625-423c-bc65-48933758fab7,2026-04-04T14:01:39.132414+00:00,Ligue 1 - France,over_2.5,Strasbourg,Nice,1.93,0.5181,0.7963,0.9513,False,76.0,80.0,70.0,85.5,0.05,30.0,1000.0,BET,Confiança e EV dentro do mínimo operacional,,
b3923ece-b988-4806-a5f3-f2b407accd3e,2026-04-04T14:01:39.170118+00:00,Ligue 1 - France,under_2.5,Strasbourg,Nice,2.23,0.0,0.2037,0.3587,False,65.0,80.0,70.0,0.0,0.0,0.0,1000.0,AVOID,ev_nao_positivo|edge_score_fraco,,
c99eebaf-ee0d-4d4a-b385-926e01bb4477,2026-04-04T14:01:39.200574+00:00,Ligue 1 - France,1x2_casa,Brest,Rennes,3.2,0.3125,0.408,0.403,False,65.0,80.0,70.0,82.8,0.0329,30.0,1000.0,BET,Confiança e EV dentro do mínimo operacional,,
c653806a-944d-45d3-b132-2e5639effb1d,2026-04-04T14:01:40.032192+00:00,Ligue 1 - France,1x2_fora,Brest,Rennes,2.41,0.0,0.3675,0.3625,False,65.0,80.0,70.0,0.0,0.0,0.0,1000.0,AVOID,ev_nao_positivo|edge_score_fraco,,
5004110d-8b2e-45b9-970f-d54057a8e037,2026-04-04T14:01:40.055555+00:00,Ligue 1 - France,over_2.5,Brest,Rennes,2.06,0.4854,0.757,0.752,False,76.0,80.0,70.0,85.5,0.05,30.0,1000.0,BET,Confiança e EV dentro do mínimo operacional,,
dab4fc9b-63a7-4a23-a819-e2071ad9333f,2026-04-04T14:01:40.092390+00:00,Ligue 1 - France,under_2.5,Brest,Rennes,1.93,0.0,0.243,0.238,False,65.0,80.0,70.0,0.0,0.0,0.0,1000.0,AVOID,ev_nao_positivo|edge_score_fraco,,
b00e7f79-cae6-470c-a554-7e0523d098b1,2026-04-04T14:01:40.121376+00:00,Ligue 1 - France,1x2_casa,Lille,RC Lens,3.1,0.3226,0.4769,0.4719,False,50.0,80.0,70.0,79.0,0.05,20.0,1000.0,AVOID,confianca_abaixo_cutoff,,
5becda3a-4049-423b-980f-f6e29fa6c9de,2026-04-04T14:01:40.922773+00:00,Ligue 1 - France,1x2_fora,Lille,RC Lens,2.52,0.0,0.249,0.244,False,50.0,80.0,70.0,0.0,0.0,0.0,1000.0,AVOID,confianca_abaixo_cutoff|ev_nao_positivo|edge_score_fraco,,
c06bfbea-0aa5-43df-baa2-d67e60737dc9,2026-04-04T14:01:40.945611+00:00,Ligue 1 - France,over_2.5,Lille,RC Lens,2.05,0.0,0.5015,0.4965,False,58.0,80.0,70.0,0.0,0.0,0.0,1000.0,AVOID,confianca_abaixo_cutoff|edge_score_fraco,,
3295f7a5-f9b8-4264-82d9-55a085d91ea4,2026-04-04T14:01:40.969200+00:00,Ligue 1 - France,under_2.5,Lille,RC Lens,2.1,0.0,0.4985,0.4935,False,50.0,80.0,70.0,0.0,0.0,0.0,1000.0,AVOID,confianca_abaixo_cutoff|edge_score_fraco,,
b2245ab5-cb2f-4528-aeef-e8d4d978649f,2026-04-04T20:52:27.032609+00:00,Premier League,1x2_casa,Arsenal,Chelsea,1.92,0.5208,0.6243,0.6093,False,85.0,80.0,75.0,88.5,0.0462,30.0,1000.0,BET,Confiança e EV dentro do mínimo operacional,,
19572b24-c8d4-4ab2-8055-c8bbea659d83,2026-04-05T02:33:58.945042+00:00,Premier League,1x2_casa,Arsenal,Chelsea,1.92,0.5208,0.6243,0.6093,False,85.0,80.0,75.0,88.5,0.0462,30.0,1000.0,BET,Confiança e EV dentro do mínimo operacional,,
16138489-0d82-45b6-9c54-b4c60232bbc7,2026-04-05T11:54:57.836081+00:00,Brazil Série A,1x2_casa,Chapecoense,Vitoria,2.6,0.3846,0.4188,0.4938,False,50.0,80.0,70.0,79.0,0.0444,20.0,1000.0,AVOID,confianca_abaixo_cutoff,,
adde44c0-5465-4565-81da-732b2b1e9bbe,2026-04-05T11:54:58.727905+00:00,Brazil Série A,1x2_fora,Chapecoense,Vitoria,3.1,0.3226,0.2932,0.3682,False,50.0,80.0,70.0,79.0,0.0168,20.0,1000.0,AVOID,confianca_abaixo_cutoff,,
de818c8b-5860-444a-9d75-3946899331e7,2026-04-05T11:55:00.469390+00:00,Brazil Série A,over_2.5,Chapecoense,Vitoria,2.26,0.4425,0.4841,0.5591,False,51.0,80.0,70.0,79.2,0.05,20.0,1000.0,AVOID,confianca_abaixo_cutoff,,
fdfcd20c-56b1-4f02-87f6-746488e1c6e1,2026-04-05T11:55:00.746763+00:00,Brazil Série A,under_2.5,Chapecoense,Vitoria,1.98,0.5051,0.5159,0.5909,False,50.0,80.0,70.0,79.0,0.0434,20.0,1000.0,AVOID,confianca_abaixo_cutoff,,
4837302a-54eb-47f0-b759-6db27ccab15e,2026-04-05T11:55:01.455906+00:00,Brazil Série A,1x2_casa,Atletico Mineiro,Atletico Paranaense,1.95,0.0,0.439,0.434,False,50.0,80.0,70.0,0.0,0.0,0.0,1000.0,AVOID,confianca_abaixo_cutoff|ev_nao_positivo|edge_score_fraco,,
e28117ac-1c15-4550-882c-29fa777e0027,2026-04-05T11:55:01.563493+00:00,Brazil Série A,1x2_fora,Atletico Mineiro,Atletico Paranaense,4.8,0.2083,0.26,0.255,False,50.0,80.0,70.0,79.0,0.0147,20.0,1000.0,AVOID,confianca_abaixo_cutoff,,
0765c478-01ad-4351-a2e0-c05a24e6a16a,2026-04-05T11:55:02.498856+00:00,Brazil Série A,over_2.5,Atletico Mineiro,Atletico Paranaense,2.2,0.0,0.4224,0.4174,False,54.0,80.0,70.0,0.0,0.0,0.0,1000.0,AVOID,confianca_abaixo_cutoff|ev_nao_positivo|edge_score_fraco,,
a9f045f9-ce4e-4623-a166-fe7cc2cb424c,2026-04-05T11:55:02.526278+00:00,Brazil Série A,under_2.5,Atletico Mineiro,Atletico Paranaense,2.0,0.5,0.5776,0.5726,False,50.0,80.0,70.0,79.0,0.0363,20.0,1000.0,AVOID,confianca_abaixo_cutoff,,
d0d3eb55-cb1d-486d-9b28-889645d83aa6,2026-04-05T11:55:03.261924+00:00,Brazil Série A,1x2_casa,Flamengo,Santos,1.41,0.0,0.4731,0.3881,False,50.0,80.0,70.0,0.0,0.0,0.0,1000.0,AVOID,confianca_abaixo_cutoff|ev_nao_positivo|edge_score_fraco,,
e7ea4421-b968-45ba-904a-4ecb69166547,2026-04-05T11:55:03.446160+00:00,Brazil Série A,1x2_fora,Flamengo,Santos,10.0,0.1,0.2346,0.1496,False,50.0,80.0,70.0,79.0,0.0138,20.0,1000.0,AVOID,confianca_abaixo_cutoff,,
3d962fd7-d577-4787-af72-22e48ef3b5ff,2026-04-05T11:55:04.328793+00:00,Brazil Série A,over_2.5,Flamengo,Santos,2.01,0.0,0.4355,0.3505,False,54.0,80.0,70.0,0.0,0.0,0.0,1000.0,AVOID,confianca_abaixo_cutoff|ev_nao_positivo|edge_score_fraco,,
c2ca121f-4a8b-4ee7-a1c1-915841b768ba,2026-04-05T11:55:04.352713+00:00,Brazil Série A,under_2.5,Flamengo,Santos,2.04,0.0,0.5645,0.4795,False,50.0,80.0,70.0,0.0,0.0,0.0,1000.0,AVOID,confianca_abaixo_cutoff|ev_nao_positivo|edge_score_fraco,,
a23de625-d050-4bc7-a509-9da5a379d651,2026-04-05T11:55:04.426381+00:00,Brazil Série A,1x2_casa,Bahia,Palmeiras,2.74,0.0,0.35,0.265,False,50.0,80.0,70.0,0.0,0.0,0.0,1000.0,AVOID,confianca_abaixo_cutoff|ev_nao_positivo|edge_score_fraco,,
eb5024c5-cb81-4c16-a846-f7f7a54f4862,2026-04-05T11:55:04.452077+00:00,Brazil Série A,1x2_fora,Bahia,Palmeiras,2.94,0.0,0.3452,0.2602,False,50.0,80.0,70.0,0.0,0.0,0.0,1000.0,AVOID,confianca_abaixo_cutoff|ev_nao_positivo|edge_score_fraco,,
0f4de16e-4945-4608-9c33-7f96a1a8e6de,2026-04-05T11:55:04.477221+00:00,Brazil Série A,over_2.5,Bahia,Palmeiras,2.12,0.0,0.4329,0.3479,False,54.0,80.0,70.0,0.0,0.0,0.0,1000.0,AVOID,confianca_abaixo_cutoff|ev_nao_positivo|edge_score_fraco,,
0f47485f-2742-45f5-b18e-b2c0d7475da1,2026-04-05T11:55:04.567740+00:00,Brazil Série A,under_2.5,Bahia,Palmeiras,1.88,0.0,0.5671,0.4821,False,50.0,80.0,70.0,0.0,0.0,0.0,1000.0,AVOID,confianca_abaixo_cutoff|ev_nao_positivo|edge_score_fraco,,
84dc8784-9fb2-4aed-83cb-e262c9438657,2026-04-05T11:55:04.597193+00:00,Brazil Série A,1x2_casa,Corinthians,Internacional,2.22,0.0,0.4384,0.3534,False,50.0,80.0,70.0,0.0,0.0,0.0,1000.0,AVOID,confianca_abaixo_cutoff|ev_nao_positivo|edge_score_fraco,,
732c0ec2-32b5-4fda-ba86-ec530c2d4bff,2026-04-05T11:55:04.622538+00:00,Brazil Série A,1x2_fora,Corinthians,Internacional,4.0,0.0,0.2676,0.1826,False,50.0,80.0,70.0,0.0,0.0,0.0,1000.0,AVOID,confianca_abaixo_cutoff|ev_nao_positivo|edge_score_fraco,,
a7ca991c-831c-456a-ae25-7fe1db4388f3,2026-04-05T11:55:04.648402+00:00,Brazil Série A,over_2.5,Corinthians,Internacional,2.46,0.0,0.451,0.366,False,54.0,80.0,70.0,0.0,0.0,0.0,1000.0,AVOID,confianca_abaixo_cutoff|ev_nao_positivo|edge_score_fraco,,
aa3af401-a342-422f-8dd4-c8c28e84811a,2026-04-05T11:55:04.673876+00:00,Brazil Série A,under_2.5,Corinthians,Internacional,2.1,0.0,0.549,0.464,False,50.0,80.0,70.0,0.0,0.0,0.0,1000.0,AVOID,confianca_abaixo_cutoff|ev_nao_positivo|edge_score_fraco,,
adbf2e2c-40dd-4782-bb0e-145f72cc76a8,2026-04-05T11:55:04.703097+00:00,Brazil Série A,1x2_casa,Mirassol,Bragantino-SP,2.16,0.0,0.4126,0.4076,False,50.0,80.0,70.0,0.0,0.0,0.0,1000.0,AVOID,confianca_abaixo_cutoff|ev_nao_positivo|edge_score_fraco,,
5285e7f4-a364-4b9e-a03b-e9811004eb81,2026-04-05T11:55:04.791996+00:00,Brazil Série A,1x2_fora,Mirassol,Bragantino-SP,3.9,0.2564,0.2951,0.2901,False,50.0,80.0,70.0,79.0,0.0113,20.0,1000.0,AVOID,confianca_abaixo_cutoff,,
4420c854-b144-409d-8735-fc23cd13f94b,2026-04-05T11:55:05.690129+00:00,Brazil Série A,over_2.5,Mirassol,Bragantino-SP,2.08,0.0,0.4689,0.4639,False,50.0,80.0,70.0,0.0,0.0,0.0,1000.0,AVOID,confianca_abaixo_cutoff|ev_nao_positivo|edge_score_fraco,,
648d38ab-c8f8-4310-a1db-4a12308fcb5a,2026-04-05T11:55:05.716720+00:00,Brazil Série A,under_2.5,Mirassol,Bragantino-SP,2.1,0.4762,0.5311,0.5261,False,50.0,80.0,70.0,73.9,0.0238,20.0,1000.0,AVOID,confianca_abaixo_cutoff,,
60788d64-260a-4de2-bcf2-ae370ae804f6,2026-04-05T11:55:06.357725+00:00,Brazil Série A,1x2_casa,Grêmio,Remo,1.64,0.0,0.4126,0.4876,False,50.0,80.0,70.0,0.0,0.0,0.0,1000.0,AVOID,confianca_abaixo_cutoff|ev_nao_positivo|edge_score_fraco,,
dfc29807-ca59-4ec3-8e8c-c4feb4effd31,2026-04-05T11:55:06.382679+00:00,Brazil Série A,1x2_fora,Grêmio,Remo,6.2,0.1613,0.2951,0.3701,False,50.0,80.0,70.0,79.0,0.05,20.0,1000.0,AVOID,confianca_abaixo_cutoff,,
c0b13ece-26b3-4bc8-a56e-89342fa266f5,2026-04-05T11:55:07.163032+00:00,Brazil Série A,over_2.5,Grêmio,Remo,1.96,0.5102,0.4689,0.5439,False,50.0,80.0,70.0,61.0,0.0172,10.0,1000.0,AVOID,confianca_abaixo_cutoff|edge_score_fraco,,
6ce015ae-be94-4b44-92ab-89e1a5096030,2026-04-05T11:55:07.745788+00:00,Brazil Série A,under_2.5,Grêmio,Remo,2.12,0.4717,0.5311,0.6061,False,50.0,80.0,70.0,79.0,0.05,20.0,1000.0,AVOID,confianca_abaixo_cutoff,,
85e1c816-b34f-4793-9edf-8bb2a178b23e,2026-04-05T11:55:09.950487+00:00,La Liga - Spain,1x2_casa,Getafe,Athletic Bilbao,3.5,0.2857,0.3582,0.3532,False,50.0,80.0,70.0,79.0,0.0236,20.0,1000.0,AVOID,confianca_abaixo_cutoff,,
b7c252e1-7c52-4869-8d3a-db29b1772164,2026-04-05T11:55:10.783745+00:00,La Liga - Spain,1x2_fora,Getafe,Athletic Bilbao,2.62,0.0,0.323,0.318,False,50.0,80.0,70.0,0.0,0.0,0.0,1000.0,AVOID,confianca_abaixo_cutoff|ev_nao_positivo|edge_score_fraco,,
0c86d8f8-f024-4271-b167-9fdc677cf0e3,2026-04-05T11:55:10.807365+00:00,La Liga - Spain,over_2.5,Getafe,Athletic Bilbao,2.9,0.3448,0.3746,0.3696,False,50.0,80.0,70.0,62.9,0.0095,10.0,1000.0,AVOID,confianca_abaixo_cutoff|edge_score_fraco,,
e6a1f1c1-2bda-40b9-8221-8fd90d5658be,2026-04-05T11:55:10.913332+00:00,La Liga - Spain,under_2.5,Getafe,Athletic Bilbao,2.34,0.4274,0.6254,0.6204,False,50.0,80.0,70.0,79.0,0.05,20.0,1000.0,AVOID,confianca_abaixo_cutoff,,
aa2531f0-289d-4368-8c0e-ca0106ec404f,2026-04-05T11:55:11.026591+00:00,La Liga - Spain,1x2_casa,Valencia,Celta Vigo,2.48,0.0,0.4484,0.3634,False,65.0,80.0,70.0,0.0,0.0,0.0,1000.0,AVOID,ev_nao_positivo|edge_score_fraco,,
20882eb7-df66-4909-807f-04bcc60bafb3,2026-04-05T11:55:11.050422+00:00,La Liga - Spain,1x2_fora,Valencia,Celta Vigo,3.35,0.0,0.2811,0.1961,False,65.0,80.0,70.0,0.0,0.0,0.0,1000.0,AVOID,ev_nao_positivo|edge_score_fraco,,
209ef32d-977c-48f8-8392-724ec4be97dc,2026-04-05T11:55:11.075200+00:00,La Liga - Spain,over_2.5,Valencia,Celta Vigo,2.26,0.0,0.5358,0.4508,False,65.0,80.0,70.0,0.0,0.0,0.0,1000.0,AVOID,edge_score_fraco,,
9c64df36-ce16-44e0-b883-9c73412da451,2026-04-05T11:55:11.099672+00:00,La Liga - Spain,under_2.5,Valencia,Celta Vigo,1.95,0.0,0.4642,0.3792,False,65.0,80.0,70.0,0.0,0.0,0.0,1000.0,AVOID,ev_nao_positivo|edge_score_fraco,,
b5820f52-c5c2-4d0f-b0bb-51a9ce011e91,2026-04-05T11:55:11.192907+00:00,La Liga - Spain,1x2_casa,Oviedo,Sevilla,2.88,0.0,0.3182,0.2332,False,50.0,80.0,70.0,0.0,0.0,0.0,1000.0,AVOID,confianca_abaixo_cutoff|ev_nao_positivo|edge_score_fraco,,
df7c44d0-8612-4004-959c-2ff680c7a9b8,2026-04-05T11:55:11.235134+00:00,La Liga - Spain,1x2_fora,Oviedo,Sevilla,3.0,0.0,0.3589,0.2739,False,50.0,80.0,70.0,0.0,0.0,0.0,1000.0,AVOID,confianca_abaixo_cutoff|ev_nao_positivo|edge_score_fraco,,
02ea7ec1-28ff-44f5-ab1d-0a7a7a6638fa,2026-04-05T11:55:11.259389+00:00,La Liga - Spain,over_2.5,Oviedo,Sevilla,2.68,0.0,0.3612,0.2762,False,54.0,80.0,70.0,0.0,0.0,0.0,1000.0,AVOID,confianca_abaixo_cutoff|ev_nao_positivo|edge_score_fraco,,
ffcfff92-b1c9-4f96-8479-d5690772cd1f,2026-04-05T11:55:11.283623+00:00,La Liga - Spain,under_2.5,Oviedo,Sevilla,2.6,0.3846,0.6388,0.5538,False,50.0,80.0,70.0,79.0,0.05,20.0,1000.0,AVOID,confianca_abaixo_cutoff,,
656f8067-2b89-4f5e-9f4f-1493510f250e,2026-04-05T11:55:12.115809+00:00,La Liga - Spain,1x2_casa,Alavés,CA Osasuna,2.78,0.3597,0.4138,0.4088,False,50.0,80.0,70.0,79.0,0.0192,20.0,1000.0,AVOID,confianca_abaixo_cutoff,,
8afaa447-cdb8-44cb-8eb4-609275d94ff1,2026-04-05T11:55:12.970692+00:00,La Liga - Spain,1x2_fora,Alavés,CA Osasuna,3.0,0.0,0.2964,0.2914,False,50.0,80.0,70.0,0.0,0.0,0.0,1000.0,AVOID,confianca_abaixo_cutoff|ev_nao_positivo|edge_score_fraco,,
d27dad3d-3e58-421b-aa14-c4a4f694f624,2026-04-05T11:55:13.067938+00:00,La Liga - Spain,over_2.5,Alavés,CA Osasuna,2.34,0.4274,0.4689,0.4639,False,50.0,80.0,70.0,67.5,0.016,20.0,1000.0,AVOID,confianca_abaixo_cutoff,,
3c6a7d9f-4285-4684-9e1b-87fb98825f1d,2026-04-05T11:55:13.110976+00:00,La Liga - Spain,under_2.5,Alavés,CA Osasuna,2.25,0.4444,0.5311,0.5261,False,50.0,80.0,70.0,79.0,0.0367,20.0,1000.0,AVOID,confianca_abaixo_cutoff,,
a38f0c59-ddff-454d-ba3c-58cede4502bc,2026-04-05T11:55:13.867518+00:00,Serie A - Italy,1x2_casa,Cremonese,Bologna,3.6,0.0,0.2762,0.1912,False,50.0,80.0,70.0,0.0,0.0,0.0,1000.0,AVOID,confianca_abaixo_cutoff|ev_nao_positivo|edge_score_fraco,,
ce4a17c8-e6a4-4020-99a1-d5342041f36c,2026-04-05T11:55:13.891725+00:00,Serie A - Italy,1x2_fora,Cremonese,Bologna,2.32,0.0,0.4391,0.3541,False,50.0,80.0,70.0,0.0,0.0,0.0,1000.0,AVOID,confianca_abaixo_cutoff|ev_nao_positivo|edge_score_fraco,,
8498a201-ab75-47ac-9ea2-86ac2f38144a,2026-04-05T11:55:13.988856+00:00,Serie A - Italy,over_2.5,Cremonese,Bologna,2.12,0.0,0.4791,0.3941,False,50.0,80.0,70.0,0.0,0.0,0.0,1000.0,AVOID,confianca_abaixo_cutoff|ev_nao_positivo|edge_score_fraco,,
7a990ac1-9c6a-4f1b-b1d7-ffcc886bc269,2026-04-05T11:55:14.016760+00:00,Serie A - Italy,under_2.5,Cremonese,Bologna,2.03,0.0,0.5209,0.4359,False,50.0,80.0,70.0,0.0,0.0,0.0,1000.0,AVOID,confianca_abaixo_cutoff|ev_nao_positivo|edge_score_fraco,,
94d18b2f-30c7-4f5c-beef-1909d6cb09e5,2026-04-05T11:55:14.044143+00:00,Serie A - Italy,1x2_casa,Pisa,Torino,3.45,0.0,0.2887,0.2837,False,50.0,80.0,70.0,0.0,0.0,0.0,1000.0,AVOID,confianca_abaixo_cutoff|ev_nao_positivo|edge_score_fraco,,
2bf04bd7-5763-4205-b5b6-35cb5b087e8b,2026-04-05T11:55:14.068169+00:00,Serie A - Italy,1x2_fora,Pisa,Torino,2.55,0.0,0.3903,0.3853,False,50.0,80.0,70.0,0.0,0.0,0.0,1000.0,AVOID,confianca_abaixo_cutoff|ev_nao_positivo|edge_score_fraco,,
4cad92a8-7b6e-47aa-9e3e-aa01ddb26d1c,2026-04-05T11:55:14.092730+00:00,Serie A - Italy,over_2.5,Pisa,Torino,2.4,0.0,0.3612,0.3562,False,50.0,80.0,70.0,0.0,0.0,0.0,1000.0,AVOID,confianca_abaixo_cutoff|ev_nao_positivo|edge_score_fraco,,
0fa520f1-078e-4197-827e-f15b53e44312,2026-04-05T11:55:14.117600+00:00,Serie A - Italy,under_2.5,Pisa,Torino,2.13,0.4695,0.6388,0.6338,False,50.0,80.0,70.0,79.0,0.05,20.0,1000.0,AVOID,confianca_abaixo_cutoff,,
53029cb9-aa8a-40db-bd37-b28db99594f3,2026-04-05T11:55:15.035438+00:00,Serie A - Italy,1x2_casa,Inter Milan,AS Roma,1.67,0.0,0.4138,0.4088,False,50.0,80.0,70.0,0.0,0.0,0.0,1000.0,AVOID,confianca_abaixo_cutoff|ev_nao_positivo|edge_score_fraco,,
fbed2d67-5aa4-4e84-8b2c-0341306753e7,2026-04-05T11:55:15.135532+00:00,Serie A - Italy,1x2_fora,Inter Milan,AS Roma,6.2,0.1613,0.2964,0.2914,False,50.0,80.0,70.0,79.0,0.0388,20.0,1000.0,AVOID,confianca_abaixo_cutoff,,
c5f6a8a3-f41e-4c66-bcf8-7ecb2f40dec4,2026-04-05T11:55:15.974302+00:00,Serie A - Italy,over_2.5,Inter Milan,AS Roma,1.98,0.0,0.4689,0.4639,False,50.0,80.0,70.0,0.0,0.0,0.0,1000.0,AVOID,confianca_abaixo_cutoff|ev_nao_positivo|edge_score_fraco,,
4524a9eb-e0bf-44aa-85a7-f300fb5459f0,2026-04-05T11:55:15.998902+00:00,Serie A - Italy,under_2.5,Inter Milan,AS Roma,2.0,0.5,0.5311,0.5261,False,50.0,80.0,70.0,56.4,0.0131,10.0,1000.0,AVOID,confianca_abaixo_cutoff|edge_score_fraco,,
23dd2727-4ef7-4f6d-8da4-f3c289d8ae11,2026-04-05T11:55:16.757987+00:00,Bundesliga - Germany,1x2_casa,Union Berlin,FC St. Pauli,2.34,0.0,0.3826,0.3776,False,50.0,80.0,70.0,0.0,0.0,0.0,1000.0,AVOID,confianca_abaixo_cutoff|ev_nao_positivo|edge_score_fraco,,
f7caa979-431f-4b9b-9f03-e25bb0ff2cd5,2026-04-05T11:55:16.782272+00:00,Bundesliga - Germany,1x2_fora,Union Berlin,FC St. Pauli,3.85,0.2597,0.3262,0.3212,False,50.0,80.0,70.0,79.0,0.0208,20.0,1000.0,AVOID,confianca_abaixo_cutoff,,
552acc07-fad0-47d3-b26f-b8e0725c1eff,2026-04-05T11:55:17.583470+00:00,Bundesliga - Germany,over_2.5,Union Berlin,FC St. Pauli,2.57,0.3891,0.4715,0.4665,False,50.0,80.0,70.0,79.0,0.0317,20.0,1000.0,AVOID,confianca_abaixo_cutoff,,
ae0373e6-c76f-4015-8a08-011d584b74fd,2026-04-05T11:55:17.680975+00:00,Bundesliga - Germany,under_2.5,Union Berlin,FC St. Pauli,2.5,0.4,0.5285,0.5235,False,50.0,80.0,70.0,79.0,0.05,20.0,1000.0,AVOID,confianca_abaixo_cutoff,,
05fb50d0-db89-468e-a430-ffdaa7d68feb,2026-04-05T11:55:17.722643+00:00,Bundesliga - Germany,1x2_casa,Eintracht Frankfurt,1. FC Köln,2.05,0.0,0.4138,0.4088,False,50.0,80.0,70.0,0.0,0.0,0.0,1000.0,AVOID,confianca_abaixo_cutoff|ev_nao_positivo|edge_score_fraco,,
0e6d3a9d-469b-4b03-a4c8-3b3381ad2cf9,2026-04-05T11:55:17.747612+00:00,Bundesliga - Germany,1x2_fora,Eintracht Frankfurt,1. FC Köln,4.1,0.2439,0.2964,0.2914,False,50.0,80.0,70.0,79.0,0.0157,20.0,1000.0,AVOID,confianca_abaixo_cutoff,,
47bc75f3-2d05-4957-9b43-f8479b679875,2026-04-05T11:55:18.476183+00:00,Bundesliga - Germany,over_2.5,Eintracht Frankfurt,1. FC Köln,2.17,0.0,0.4689,0.4639,False,50.0,80.0,70.0,0.0,0.0,0.0,1000.0,AVOID,confianca_abaixo_cutoff|edge_score_fraco,,
8104c08c-18de-4f2b-89d4-7c5abca5f73c,2026-04-05T11:55:18.500161+00:00,Bundesliga - Germany,under_2.5,Eintracht Frankfurt,1. FC Köln,2.21,0.4525,0.5311,0.5261,False,50.0,80.0,70.0,79.0,0.0336,20.0,1000.0,AVOID,confianca_abaixo_cutoff,,
2ebbf9a5-e25f-4b6d-b73b-e5f8cd55eba9,2026-04-05T11:55:19.317846+00:00,Ligue 1 - France,1x2_casa,Angers,Lyon,5.8,0.1724,0.2684,0.2634,False,65.0,80.0,70.0,82.8,0.0275,30.0,1000.0,BET,Confiança e EV dentro do mínimo operacional,,
dedefbdd-a338-4502-a1e2-64710702c014,2026-04-05T11:55:20.131345+00:00,Ligue 1 - France,1x2_fora,Angers,Lyon,1.74,0.0,0.5009,0.4959,False,65.0,80.0,70.0,0.0,0.0,0.0,1000.0,AVOID,ev_nao_positivo|edge_score_fraco,,
9bae29d9-403d-4fd6-b374-10dbca718592,2026-04-05T11:55:20.159304+00:00,Ligue 1 - France,over_2.5,Angers,Lyon,1.92,0.5208,0.6905,0.6855,False,76.0,80.0,70.0,85.5,0.05,30.0,1000.0,BET,Confiança e EV dentro do mínimo operacional,,
45d80a18-776b-43a6-b31f-2c64e4f302de,2026-04-05T11:55:20.253375+00:00,Ligue 1 - France,under_2.5,Angers,Lyon,2.1,0.0,0.3095,0.3045,False,65.0,80.0,70.0,0.0,0.0,0.0,1000.0,AVOID,ev_nao_positivo|edge_score_fraco,,
a4f4ac39-5cb6-4a82-882b-e30f536744a9,2026-04-05T11:55:20.282279+00:00,Ligue 1 - France,1x2_casa,Le Havre,Auxerre,2.54,0.0,0.3955,0.3905,False,65.0,80.0,70.0,0.0,0.0,0.0,1000.0,AVOID,ev_nao_positivo|edge_score_fraco,,
c0562573-e9f6-4e11-b1fd-99aecb8ccaf4,2026-04-05T11:55:20.363456+00:00,Ligue 1 - France,1x2_fora,Le Havre,Auxerre,3.35,0.2985,0.3901,0.3851,False,65.0,80.0,70.0,82.8,0.0309,30.0,1000.0,BET,Confiança e EV dentro do mínimo operacional,,
09bb5a4e-dad2-4f67-b2f7-6e624e640224,2026-04-05T11:55:21.084394+00:00,Ligue 1 - France,over_2.5,Le Havre,Auxerre,2.38,0.4202,0.8028,0.7978,False,76.0,80.0,70.0,85.5,0.05,30.0,1000.0,BET,Confiança e EV dentro do mínimo operacional,,
d71593ad-394b-4985-aab3-356e548ccff1,2026-04-05T11:55:21.117001+00:00,Ligue 1 - France,under_2.5,Le Havre,Auxerre,2.21,0.0,0.1972,0.1922,False,65.0,80.0,70.0,0.0,0.0,0.0,1000.0,AVOID,ev_nao_positivo|edge_score_fraco,,
3a7ac939-aebf-43ab-9059-4802eaea6c19,2026-04-05T11:55:21.204365+00:00,Ligue 1 - France,1x2_casa,Lorient,Paris FC,2.5,0.4,0.4216,0.4166,False,50.0,80.0,70.0,52.8,0.0069,10.0,1000.0,AVOID,confianca_abaixo_cutoff|edge_score_fraco,,
6e025a91-8491-4e19-b64d-98f322f2c4c4,2026-04-05T11:55:21.973665+00:00,Ligue 1 - France,1x2_fora,Lorient,Paris FC,3.3,0.0,0.2978,0.2928,False,50.0,80.0,70.0,0.0,0.0,0.0,1000.0,AVOID,confianca_abaixo_cutoff|ev_nao_positivo|edge_score_fraco,,
ad69686f-7d5f-45c6-9ed1-904366be1850,2026-04-05T11:55:22.000036+00:00,Ligue 1 - France,over_2.5,Lorient,Paris FC,2.18,0.4587,0.5039,0.4989,False,61.0,80.0,70.0,71.0,0.0186,20.0,1000.0,SKIP,confianca_abaixo_cutoff,,
f1a7f54e-25ae-42fe-8998-6c523f5d6892,2026-04-05T11:55:22.098238+00:00,Ligue 1 - France,under_2.5,Lorient,Paris FC,2.03,0.0,0.4961,0.4911,False,50.0,80.0,70.0,0.0,0.0,0.0,1000.0,AVOID,confianca_abaixo_cutoff|ev_nao_positivo|edge_score_fraco,,
67c9d0f5-c75a-417b-971d-ac3585d3b359,2026-04-05T11:55:22.132236+00:00,Ligue 1 - France,1x2_casa,Metz,Nantes,3.1,0.3226,0.3627,0.4377,False,50.0,80.0,70.0,79.0,0.0425,20.0,1000.0,AVOID,confianca_abaixo_cutoff,,
06882cf0-3aeb-4d1a-a15b-5541027324e6,2026-04-05T11:55:23.060104+00:00,Ligue 1 - France,1x2_fora,Metz,Nantes,2.58,0.3876,0.3487,0.4237,False,50.0,80.0,70.0,70.0,0.0147,20.0,1000.0,AVOID,confianca_abaixo_cutoff,,
a77eb66e-e195-43ab-aeca-10c781e51eb2,2026-04-05T11:55:23.103288+00:00,Ligue 1 - France,over_2.5,Metz,Nantes,2.19,0.4566,0.4841,0.5591,False,61.0,80.0,70.0,81.8,0.0471,30.0,1000.0,SKIP,confianca_abaixo_cutoff,,
ec60a2b1-9dda-452c-a5ae-2554ec7713e4,2026-04-05T11:55:23.204292+00:00,Ligue 1 - France,under_2.5,Metz,Nantes,2.02,0.495,0.5159,0.5909,False,50.0,80.0,70.0,79.0,0.0475,20.0,1000.0,AVOID,confianca_abaixo_cutoff,,
9dbdcd9a-b67c-411b-b77c-ba17ec8068fd,2026-04-05T11:55:23.306949+00:00,Ligue 1 - France,1x2_casa,AS Monaco,Marseille,2.22,0.0,0.3595,0.3545,False,50.0,80.0,70.0,0.0,0.0,0.0,1000.0,AVOID,confianca_abaixo_cutoff|ev_nao_positivo|edge_score_fraco,,
c8e28b87-045b-42fb-ac8e-3d0f8319e370,2026-04-05T11:55:23.333888+00:00,Ligue 1 - France,1x2_fora,AS Monaco,Marseille,3.5,0.2857,0.3641,0.3591,False,50.0,80.0,70.0,79.0,0.0257,20.0,1000.0,AVOID,confianca_abaixo_cutoff,,
b5fe8678-cc0c-471d-962f-303b22f208e3,2026-04-05T11:55:24.114810+00:00,Ligue 1 - France,over_2.5,AS Monaco,Marseille,2.47,0.4049,0.5329,0.5279,False,58.0,80.0,70.0,81.0,0.05,30.0,1000.0,SKIP,confianca_abaixo_cutoff,,
ba8d811c-17d5-4a8b-8af4-fcf3ebb18059,2026-04-05T11:55:24.154263+00:00,Ligue 1 - France,under_2.5,AS Monaco,Marseille,2.38,0.4202,0.4671,0.4621,False,50.0,80.0,70.0,72.3,0.0181,20.0,1000.0,AVOID,confianca_abaixo_cutoff,,
ef786c0d-5242-4d39-a762-17370de6a898,2026-04-05T13:05:03.131455+00:00,Premier League,1x2_casa,TeamCorr,TeamE,1.9,0.0,0.4153,0.4103,False,87.0,80.0,70.0,0.0,0.0,0.0,1000.0,AVOID,ev_nao_positivo|edge_score_fraco,,
15f8bfb9-8e91-4e67-9f33-6e4f67a57989,2026-04-05T13:05:03.142163+00:00,Premier League,1x2_fora,TeamCorr,TeamE,3.1,0.0,0.3221,0.3171,False,87.0,80.0,70.0,0.0,0.0,0.0,1000.0,AVOID,ev_nao_positivo|edge_score_fraco,,
8b08025c-82cc-4364-af2b-46c1109956c2,2026-04-05T13:05:03.152205+00:00,Premier League,over_2.5,TeamCorr,TeamE,1.92,0.0,0.4816,0.4766,False,87.0,80.0,70.0,0.0,0.0,0.0,1000.0,AVOID,ev_nao_positivo|edge_score_fraco,,
e9a595f2-bbc6-4d29-857d-17920bde65ef,2026-04-05T13:05:03.162351+00:00,Premier League,under_2.5,TeamCorr,TeamE,1.96,0.0,0.5184,0.5134,False,87.0,80.0,70.0,0.0,0.0,0.0,1000.0,AVOID,edge_score_fraco,,
11672407-74e6-4580-b669-4fc15b1099da,2026-04-05T13:05:03.329075+00:00,Premier League,1x2_casa,TeamGate,TeamE,1.9,0.0,0.4153,0.4103,False,87.0,80.0,70.0,0.0,0.0,0.0,1000.0,AVOID,ev_nao_positivo|edge_score_fraco,,
fc9efc5b-71df-47c6-a8a6-d819f6fa2687,2026-04-05T13:05:03.339646+00:00,Premier League,1x2_fora,TeamGate,TeamE,3.1,0.0,0.3221,0.3171,False,87.0,80.0,70.0,0.0,0.0,0.0,1000.0,AVOID,ev_nao_positivo|edge_score_fraco,,
942f8551-8e2a-4c5a-996e-a4af14655c28,2026-04-05T13:05:03.349977+00:00,Premier League,over_2.5,TeamGate,TeamE,1.92,0.0,0.4816,0.4766,False,87.0,80.0,70.0,0.0,0.0,0.0,1000.0,AVOID,ev_nao_positivo|edge_score_fraco,,
99601c16-1c62-48e6-8005-8e630ee86457,2026-04-05T13:05:03.362213+00:00,Premier League,under_2.5,TeamGate,TeamE,1.96,0.0,0.5184,0.5134,False,87.0,80.0,70.0,0.0,0.0,0.0,1000.0,AVOID,edge_score_fraco,,
d2e7fbae-64f1-4d7d-bea7-051c5204429a,2026-04-05T13:05:03.384712+00:00,Premier League,1x2_casa,TeamReject,TeamD,1.88,0.0,0.4153,0.4103,False,86.0,80.0,70.0,0.0,0.0,0.0,1000.0,AVOID,ev_nao_positivo|edge_score_fraco,,
6f9710a5-ce00-40f2-aa7a-e6409e089801,2026-04-05T13:05:03.395784+00:00,Premier League,1x2_fora,TeamReject,TeamD,3.0,0.0,0.3221,0.3171,False,86.0,80.0,70.0,0.0,0.0,0.0,1000.0,AVOID,ev_nao_positivo|edge_score_fraco,,
ace8b581-8394-40c8-bf03-b9737f2b7811,2026-04-05T13:05:03.405841+00:00,Premier League,over_2.5,TeamReject,TeamD,1.88,0.0,0.4816,0.4766,False,86.0,80.0,70.0,0.0,0.0,0.0,1000.0,AVOID,ev_nao_positivo|edge_score_fraco,,
7c4b6257-77a0-4de6-aaf9-4446276f68cb,2026-04-05T13:05:03.415989+00:00,Premier League,under_2.5,TeamReject,TeamD,1.93,0.0,0.5184,0.5134,False,86.0,80.0,70.0,0.0,0.0,0.0,1000.0,AVOID,ev_nao_positivo|edge_score_fraco,,
9f550b69-3ea6-43c2-9177-f0699fe06987,2026-04-05T13:05:03.436478+00:00,Premier League,1x2_casa,TeamNoSignal,TeamC,1.95,0.0,0.4153,0.4103,False,85.0,80.0,70.0,0.0,0.0,0.0,1000.0,AVOID,ev_nao_positivo|edge_score_fraco,,
3e4fb1d8-f747-484f-8304-60e33ce8858e,2026-04-05T13:05:03.446901+00:00,Premier League,1x2_fora,TeamNoSignal,TeamC,3.05,0.0,0.3221,0.3171,False,85.0,80.0,70.0,0.0,0.0,0.0,1000.0,AVOID,ev_nao_positivo|edge_score_fraco,,
b932d8f8-4868-4477-99b0-0349b651ce76,2026-04-05T13:05:03.457332+00:00,Premier League,over_2.5,TeamNoSignal,TeamC,1.95,0.0,0.4816,0.4766,False,85.0,80.0,70.0,0.0,0.0,0.0,1000.0,AVOID,ev_nao_positivo|edge_score_fraco,,
9d1b5b77-3e19-41b1-b081-761f20fbcbd5,2026-04-05T13:05:03.467378+00:00,Premier League,under_2.5,TeamNoSignal,TeamC,1.91,0.0,0.5184,0.5134,False,85.0,80.0,70.0,0.0,0.0,0.0,1000.0,AVOID,ev_nao_positivo|edge_score_fraco,,
ceb94f87-0b5b-420d-966e-f0fca1a9e480,2026-04-05T13:05:03.489076+00:00,Premier League,1x2_casa,TeamStrong,TeamA,1.9,0.0,0.4153,0.4103,False,85.0,80.0,70.0,0.0,0.0,0.0,1000.0,AVOID,ev_nao_positivo|edge_score_fraco,,
50d8fbe9-6a1b-4697-93e7-3b4ac7062350,2026-04-05T13:05:03.500000+00:00,Premier League,1x2_fora,TeamStrong,TeamA,3.2,0.0,0.3221,0.3171,False,85.0,80.0,70.0,0.0,0.0,0.0,1000.0,AVOID,edge_score_fraco,,
7ab922a9-24ca-488f-a044-4f442c1374a2,2026-04-05T13:05:03.510153+00:00,Premier League,over_2.5,TeamStrong,TeamA,1.9,0.0,0.4816,0.4766,False,85.0,80.0,70.0,0.0,0.0,0.0,1000.0,AVOID,ev_nao_positivo|edge_score_fraco,,
fe1f712c-4d01-46ea-b6fa-309fb6586f45,2026-04-05T13:05:03.520492+00:00,Premier League,under_2.5,TeamStrong,TeamA,1.95,0.0,0.5184,0.5134,False,85.0,80.0,70.0,0.0,0.0,0.0,1000.0,AVOID,edge_score_fraco,,
4cb29f72-1da1-464c-8c4c-167c5ee8318b,2026-04-05T13:05:03.530199+00:00,Premier League,1x2_casa,TeamWeak,TeamB,1.9,0.0,0.4153,0.4103,False,85.0,80.0,70.0,0.0,0.0,0.0,1000.0,AVOID,ev_nao_positivo|edge_score_fraco,,
6ed77247-5fd2-46ea-a0c6-8e21c2ea7e28,2026-04-05T13:05:03.539649+00:00,Premier League,1x2_fora,TeamWeak,TeamB,3.2,0.0,0.3221,0.3171,False,85.0,80.0,70.0,0.0,0.0,0.0,1000.0,AVOID,edge_score_fraco,,
5d98175d-3b98-4928-b306-4eb732250d53,2026-04-05T13:05:03.549542+00:00,Premier League,over_2.5,TeamWeak,TeamB,1.9,0.0,0.4816,0.4766,False,85.0,80.0,70.0,0.0,0.0,0.0,1000.0,AVOID,ev_nao_positivo|edge_score_fraco,,
1a8aa4d6-da96-455b-85a0-f4db376a436e,2026-04-05T13:05:03.559264+00:00,Premier League,under_2.5,TeamWeak,TeamB,1.95,0.0,0.5184,0.5134,False,85.0,80.0,70.0,0.0,0.0,0.0,1000.0,AVOID,edge_score_fraco,,
f3b49cd6-8bd9-4fec-b874-46ca72b7720c,2026-04-05T13:05:14.844589+00:00,Brasileirao Serie A,1x2_casa,Flamengo,Palmeiras,1.9,0.0,0.4472,0.4422,False,85.0,80.0,70.0,0.0,0.0,0.0,1000.0,AVOID,ev_nao_positivo|edge_score_fraco,,
b0ed7d86-d6aa-4cdf-bdca-3a2a315aa237,2026-04-05T13:05:14.856993+00:00,Brasileirao Serie A,1x2_fora,Flamengo,Palmeiras,3.2,0.0,0.2549,0.2499,False,85.0,80.0,70.0,0.0,0.0,0.0,1000.0,AVOID,ev_nao_positivo|edge_score_fraco,,
c5f113c9-ee9a-4d10-a39f-2c3b712609b6,2026-04-05T13:05:14.875880+00:00,Brasileirao Serie A,over_2.5,Flamengo,Palmeiras,2.0,0.0,0.4303,0.4253,False,85.0,80.0,70.0,0.0,0.0,0.0,1000.0,AVOID,ev_nao_positivo|edge_score_fraco,,
de25a011-d09e-479b-9b43-6283929df1e2,2026-04-05T13:05:14.894222+00:00,Brasileirao Serie A,under_2.5,Flamengo,Palmeiras,1.8,0.0,0.5697,0.5647,False,85.0,80.0,70.0,0.0,0.0,0.0,1000.0,AVOID,edge_score_fraco,,
db-sinal-68,2026-03-19 21:53:11,Brazil Série A,over_2.5,Grêmio,Vitoria,2.28,0.4385964912280702,0.4385964912280702,0.4385964912280702,False,,,,,,,,backfill_sync,sync_from_db_no_match,1,2.28
db-sinal-72,2026-03-20T19:45:00Z,Serie A - Italy,over_2.5,Genoa,Udinese,2.53,0.3952569169960475,0.3952569169960475,0.3952569169960475,False,,,,,,,,backfill_sync,sync_from_db_no_match,0,2.53
db-sinal-69,2026-03-20T20:00:00Z,EPL,1x2_casa,Bournemouth,Manchester United,3.4,0.29411764705882354,0.29411764705882354,0.29411764705882354,False,,,,,,,,backfill_sync,sync_from_db_no_match,1,3.16
db-sinal-70,2026-03-20T20:00:00Z,EPL,over_2.5,Bournemouth,Manchester United,2.43,0.4115226337448559,0.4115226337448559,0.4115226337448559,False,,,,,,,,backfill_sync,sync_from_db_no_match,1,1.89
db-sinal-71,2026-03-20T20:00:00Z,La Liga - Spain,over_2.5,Villarreal,Real Sociedad,2.0,0.5,0.5,0.5,False,,,,,,,,backfill_sync,sync_from_db_no_match,1,2.0
db-sinal-73,2026-03-21T17:30:00Z,EPL,1x2_casa,Everton,Chelsea,3.5,0.2857142857142857,0.2857142857142857,0.2857142857142857,False,,,,,,,,backfill_sync,sync_from_db_no_match,1,3.5
db-sinal-74,2026-03-21T17:30:00Z,EPL,over_2.5,Everton,Chelsea,1.95,0.5128205128205129,0.5128205128205129,0.5128205128205129,False,,,,,,,,backfill_sync,sync_from_db_no_match,1,1.95
db-sinal-75,2026-03-21T20:00:00Z,La Liga - Spain,1x2_casa,Sevilla,Valencia,2.38,0.42016806722689076,0.42016806722689076,0.42016806722689076,False,,,,,,,,backfill_sync,sync_from_db_no_match,0,2.38
db-sinal-76,2026-03-21T20:00:00Z,La Liga - Spain,over_2.5,Sevilla,Valencia,2.5,0.4,0.4,0.4,False,,,,,,,,backfill_sync,sync_from_db_no_match,0,2.5
db-sinal-77,2026-03-21T20:05:00Z,Ligue 1 - France,over_2.5,Nice,Paris Saint Germain,2.2,0.45454545454545453,0.45454545454545453,0.45454545454545453,False,,,,,,,,backfill_sync,sync_from_db_no_match,1,2.2
db-sinal-79,2026-03-22T14:00:00Z,Serie A - Italy,over_2.5,Bologna,Lazio,2.25,0.4444444444444444,0.4444444444444444,0.4444444444444444,False,,,,,,,,backfill_sync,sync_from_db_no_match,0,2.25
db-sinal-80,2026-03-22T19:45:00Z,Ligue 1 - France,over_2.5,Nantes,Strasbourg,1.96,0.5102040816326531,0.5102040816326531,0.5102040816326531,False,,,,,,,,backfill_sync,sync_from_db_no_match,1,1.96
db-sinal-81,2026-03-22T23:30:00Z,Brazil Série A,over_2.5,Corinthians,Flamengo,2.5,0.4,0.4,0.4,False,,,,,,,,backfill_sync,sync_from_db_no_match,0,1.89
db-sinal-82,2026-04-01T18:00:00Z,Brasileirao Serie A,1x2_casa,Flamengo,Palmeiras,1.9,0.5263157894736842,0.5263157894736842,0.5263157894736842,False,,,,,,,,backfill_sync,sync_from_db_no_match,0,1.9
